avion,operador,pos,origen,destino,t_dep_h,t_arr_h,dia,carga_t
AC-06,BRA,1,BOG,MIA,0.0,3.67,1,50.0
AC-06,BRA,2,MIA,SCL,6.0,14.33,1,50.0
AC-06,BRA,3,SCL,LIM,16.0,19.75,1,50.0
AC-06,BRA,4,LIM,BOG,22.0,25.08,1,36.0
AC-06,BRA,5,BOG,MIA,30.0,33.67,2,50.0
AC-06,BRA,6,MIA,BOG,36.0,39.5,2,0.0
AC-06,BRA,7,BOG,MIA,42.0,45.67,2,50.0
AC-06,BRA,8,MIA,BRU,48.0,56.83,3,28.1
AC-06,BRA,9,BRU,FRA,58.0,59.08,3,50.0
AC-06,BRA,10,FRA,SID,62.0,68.42,3,23.5
AC-06,BRA,11,SID,VCP,70.0,76.5,3,23.5
AC-06,BRA,12,VCP,GRU,78.0,78.67,4,10.3
AC-06,BRA,13,GRU,MAO,88.0,91.83,4,50.0
AC-06,BRA,14,MAO,BOG,94.0,96.83,4,23.1
AC-06,BRA,15,BOG,MIA,98.0,101.67,5,50.0
AC-06,BRA,16,MIA,BAQ,104.0,106.67,5,0.0
AC-06,BRA,17,BAQ,UIO,108.0,110.08,5,13.4
AC-06,BRA,18,UIO,MIA,112.0,116.0,5,50.0
AC-06,BRA,19,MIA,GUA,118.0,120.58,5,0.0
AC-06,BRA,20,GUA,MIA,122.0,124.5,6,43.2
AC-06,BRA,21,MIA,BOG,126.0,129.5,6,0.0
AC-06,BRA,22,BOG,MIA,132.0,135.67,6,50.0
AC-06,BRA,23,MIA,BOG,138.0,141.5,6,0.0
AC-06,BRA,24,BOG,MIA,144.0,147.67,7,50.0
AC-06,BRA,25,MIA,BOG,150.0,153.5,7,0.0
AC-06,BRA,26,BOG,MIA,156.0,159.67,7,50.0
AC-06,BRA,27,MIA,BOG,162.0,165.5,7,0.0
AC-10,BRA,1,MIA,VCP,2.0,10.33,1,52.0
AC-10,BRA,2,VCP,EZE,12.0,14.83,1,52.0
AC-10,BRA,3,EZE,SCL,20.0,22.17,1,26.2
AC-10,BRA,4,SCL,MIA,24.0,32.67,2,52.0
AC-10,BRA,5,MIA,BOG,34.0,37.5,2,0.0
AC-10,BRA,6,BOG,MIA,40.0,43.67,2,52.0
AC-10,BRA,7,MIA,BOG,46.0,49.5,2,0.0
AC-10,BRA,8,BOG,MIA,52.0,55.67,3,52.0
AC-10,BRA,9,MIA,BOG,68.0,71.5,3,0.0
AC-10,BRA,10,BOG,MIA,74.0,77.67,4,52.0
AC-10,BRA,11,MIA,BRU,80.0,88.83,4,45.0
AC-10,BRA,12,BRU,FRA,90.0,91.08,4,52.0
AC-10,BRA,13,FRA,SID,94.0,100.42,4,0.0
AC-10,BRA,14,SID,BRU,102.0,107.92,5,0.0
AC-10,BRA,15,BRU,FRA,110.0,111.08,5,52.0
AC-10,BRA,16,FRA,SID,114.0,120.42,5,19.5
AC-10,BRA,17,SID,VCP,122.0,128.5,6,19.5
AC-10,BRA,18,VCP,BOG,130.0,135.92,6,52.0
AC-10,BRA,19,BOG,MIA,138.0,141.67,6,52.0
AC-10,BRA,20,MIA,UIO,144.0,148.17,7,0.0
AC-10,BRA,21,UIO,MIA,150.0,154.0,7,52.0
AC-10,BRA,22,MIA,BOG,156.0,159.5,7,0.0
AC-10,BRA,23,BOG,MIA,162.0,165.67,7,52.0
AC-07,PAC,1,BOG,MIA,0.0,3.67,1,52.0
AC-07,PAC,2,MIA,UIO,6.0,10.17,1,0.0
AC-07,PAC,3,UIO,MIA,14.0,18.0,1,52.0
AC-07,PAC,4,MIA,UIO,20.0,24.17,1,0.0
AC-07,PAC,5,UIO,MIA,26.0,30.0,2,52.0
AC-07,PAC,6,MIA,VCP,32.0,40.33,2,52.0
AC-07,PAC,7,VCP,BOG,46.0,51.92,2,52.0
AC-07,PAC,8,BOG,MIA,56.0,59.67,3,52.0
AC-07,PAC,9,MIA,VCP,62.0,70.33,3,52.0
AC-07,PAC,10,VCP,BOG,72.0,77.92,4,52.0
AC-07,PAC,11,BOG,MIA,80.0,83.67,4,52.0
AC-07,PAC,12,MIA,UIO,88.0,92.17,4,15.5
AC-07,PAC,13,UIO,MIA,94.0,98.0,4,52.0
AC-07,PAC,14,MIA,VCP,108.0,116.33,5,52.0
AC-07,PAC,15,VCP,BOG,118.0,123.92,5,52.0
AC-07,PAC,16,BOG,MIA,126.0,129.67,6,52.0
AC-07,PAC,17,MIA,UIO,132.0,136.17,6,23.8
AC-07,PAC,18,UIO,MIA,140.0,144.0,6,52.0
AC-07,PAC,19,MIA,PTY,146.0,148.92,7,0.0
AC-07,PAC,20,PTY,LAX,150.0,156.42,7,0.0
AC-07,PAC,21,LAX,BOG,158.0,165.33,7,41.6
AC-15,PAC,1,LAX,BOG,0.0,7.33,1,25.4
AC-15,PAC,2,BOG,MIA,10.0,13.67,1,50.0
AC-15,PAC,3,MIA,VCP,16.0,24.33,1,50.0
AC-15,PAC,4,VCP,BOG,26.0,31.92,2,50.0
AC-15,PAC,5,BOG,MIA,34.0,37.67,2,50.0
AC-15,PAC,6,MIA,UIO,50.0,54.17,3,0.0
AC-15,PAC,7,UIO,MIA,56.0,60.0,3,50.0
AC-15,PAC,8,MIA,PTY,62.0,64.92,3,19.5
AC-15,PAC,9,PTY,LAX,66.0,72.42,3,19.5
AC-15,PAC,10,LAX,BOG,74.0,81.33,4,31.0
AC-15,PAC,11,BOG,MIA,84.0,87.67,4,50.0
AC-15,PAC,12,MIA,VCP,90.0,98.33,4,50.0
AC-15,PAC,13,VCP,SCL,100.0,104.08,5,50.0
AC-15,PAC,14,SCL,MIA,106.0,114.67,5,50.0
AC-15,PAC,15,MIA,SCL,116.0,124.33,5,39.9
AC-15,PAC,16,SCL,MIA,126.0,134.67,6,50.0
AC-15,PAC,17,MIA,SCL,136.0,144.33,6,37.4
AC-15,PAC,18,SCL,MIA,146.0,154.67,7,49.2
AC-15,PAC,19,MIA,PTY,156.0,158.92,7,0.0
AC-15,PAC,20,PTY,LAX,160.0,166.42,7,0.0
AC-01,SUR,1,BOG,MIA,0.0,3.67,1,52.0
AC-01,SUR,2,MIA,BOG,6.0,9.5,1,0.0
AC-01,SUR,3,BOG,MIA,12.0,15.67,1,52.0
AC-01,SUR,4,MIA,BOG,18.0,21.5,1,52.0
AC-01,SUR,5,BOG,MIA,26.0,29.67,2,52.0
AC-01,SUR,6,MIA,SCL,32.0,40.33,2,46.6
AC-01,SUR,7,SCL,LIM,42.0,45.75,2,19.9
AC-01,SUR,8,LIM,BOG,48.0,51.08,3,45.1
AC-01,SUR,9,BOG,MIA,54.0,57.67,3,52.0
AC-01,SUR,10,MIA,SDQ,60.0,62.25,3,34.2
AC-01,SUR,11,SDQ,UIO,64.0,67.58,3,52.0
AC-01,SUR,12,UIO,MIA,70.0,74.0,3,52.0
AC-01,SUR,13,MIA,BOG,76.0,79.5,4,15.8
AC-01,SUR,14,BOG,MIA,82.0,85.67,4,52.0
AC-01,SUR,15,MIA,BOG,88.0,91.5,4,0.0
AC-01,SUR,16,BOG,MIA,94.0,97.67,4,52.0
AC-01,SUR,17,MIA,BOG,100.0,103.5,5,0.0
AC-01,SUR,18,BOG,MIA,106.0,109.67,5,52.0
AC-01,SUR,19,MIA,BOG,112.0,115.5,5,0.0
AC-01,SUR,20,BOG,MIA,118.0,121.67,5,52.0
AC-01,SUR,21,MIA,UIO,138.0,142.17,6,52.0
AC-01,SUR,22,UIO,MIA,144.0,148.0,7,52.0
AC-01,SUR,23,MIA,BOG,150.0,153.5,7,10.0
AC-01,SUR,24,BOG,MIA,156.0,159.67,7,52.0
AC-01,SUR,25,MIA,BOG,162.0,165.5,7,0.0
AC-02,SUR,1,MIA,BAQ,0.0,2.67,1,0.0
AC-02,SUR,2,BAQ,UIO,4.0,6.08,1,10.5
AC-02,SUR,3,UIO,MIA,10.0,14.0,1,54.0
AC-02,SUR,4,MIA,BOG,16.0,19.5,1,54.0
AC-02,SUR,5,BOG,MIA,24.0,27.67,2,54.0
AC-02,SUR,6,MIA,SDQ,30.0,32.25,2,52.7
AC-02,SUR,7,SDQ,UIO,34.0,37.58,2,32.7
AC-02,SUR,8,UIO,MIA,40.0,44.0,2,54.0
AC-02,SUR,9,MIA,UIO,46.0,50.17,2,54.0
AC-02,SUR,10,UIO,MIA,52.0,56.0,3,54.0
AC-02,SUR,11,MIA,SDQ,72.0,74.25,4,54.0
AC-02,SUR,12,SDQ,UIO,76.0,79.58,4,53.1
AC-02,SUR,13,UIO,MIA,82.0,86.0,4,54.0
AC-02,SUR,14,MIA,BOG,90.0,93.5,4,0.0
AC-02,SUR,15,BOG,MIA,96.0,99.67,5,54.0
AC-02,SUR,16,MIA,MDE,102.0,105.33,5,23.4
AC-02,SUR,17,MDE,MIA,108.0,111.33,5,54.0
AC-02,SUR,18,MIA,UIO,116.0,120.17,5,54.0
AC-02,SUR,19,UIO,MIA,122.0,126.0,6,54.0
AC-02,SUR,20,MIA,BOG,128.0,131.5,6,0.0
AC-02,SUR,21,BOG,MIA,134.0,137.67,6,54.0
AC-02,SUR,22,MIA,UIO,140.0,144.17,6,54.0
AC-02,SUR,23,UIO,MIA,146.0,150.0,7,54.0
AC-02,SUR,24,MIA,UIO,152.0,156.17,7,50.3
AC-02,SUR,25,UIO,MIA,158.0,162.0,7,54.0
AC-04,SUR,1,MIA,CLO,2.0,5.58,1,42.4
AC-04,SUR,2,CLO,UIO,8.0,9.25,1,54.0
AC-04,SUR,3,UIO,MIA,12.0,16.0,1,54.0
AC-04,SUR,4,MIA,UIO,18.0,22.17,1,54.0
AC-04,SUR,5,UIO,MIA,26.0,30.0,2,54.0
AC-04,SUR,6,MIA,UIO,32.0,36.17,2,10.0
AC-04,SUR,7,UIO,MIA,38.0,42.0,2,54.0
AC-04,SUR,8,MIA,MDE,58.0,61.33,3,51.3
AC-04,SUR,9,MDE,MIA,64.0,67.33,3,54.0
AC-04,SUR,10,MIA,BOG,70.0,73.5,3,10.6
AC-04,SUR,11,BOG,MIA,76.0,79.67,4,54.0
AC-04,SUR,12,MIA,BOG,82.0,85.5,4,0.0
AC-04,SUR,13,BOG,MIA,88.0,91.67,4,54.0
AC-04,SUR,14,MIA,BOG,94.0,97.5,4,54.0
AC-04,SUR,15,BOG,MIA,100.0,103.67,5,54.0
AC-04,SUR,16,MIA,UIO,106.0,110.17,5,12.9
AC-04,SUR,17,UIO,MIA,112.0,116.0,5,54.0
AC-04,SUR,18,MIA,UIO,118.0,122.17,5,54.0
AC-04,SUR,19,UIO,MIA,124.0,128.0,6,54.0
AC-04,SUR,20,MIA,BOG,130.0,133.5,6,0.0
AC-04,SUR,21,BOG,MIA,136.0,139.67,6,54.0
AC-04,SUR,22,MIA,UIO,142.0,146.17,6,54.0
AC-04,SUR,23,UIO,MIA,150.0,154.0,7,54.0
AC-04,SUR,24,MIA,MDE,156.0,159.33,7,17.7
AC-04,SUR,25,MDE,MIA,162.0,165.33,7,54.0
AC-09,SUR,1,MIA,SDQ,0.0,2.25,1,52.0
AC-09,SUR,2,SDQ,UIO,4.0,7.58,1,50.3
AC-09,SUR,3,UIO,MIA,10.0,14.0,1,52.0
AC-09,SUR,4,MIA,SJO,16.0,18.83,1,32.9
AC-09,SUR,5,SJO,GUA,20.0,21.58,1,42.4
AC-09,SUR,6,GUA,MIA,24.0,26.5,2,52.0
AC-09,SUR,7,MIA,BOG,28.0,31.5,2,0.0
AC-09,SUR,8,BOG,MIA,34.0,37.67,2,52.0
AC-09,SUR,9,MIA,BOG,40.0,43.5,2,46.9
AC-09,SUR,10,BOG,MIA,46.0,49.67,2,52.0
AC-09,SUR,11,MIA,BOG,52.0,55.5,3,52.0
AC-09,SUR,12,BOG,MIA,58.0,61.67,3,52.0
AC-09,SUR,13,MIA,BOG,64.0,67.5,3,0.0
AC-09,SUR,14,BOG,MIA,70.0,73.67,3,52.0
AC-09,SUR,15,MIA,BOG,76.0,79.5,4,0.0
AC-09,SUR,16,BOG,MIA,82.0,85.67,4,52.0
AC-09,SUR,17,MIA,BOG,88.0,91.5,4,0.0
AC-09,SUR,18,BOG,MIA,94.0,97.67,4,52.0
AC-09,SUR,19,MIA,BOG,100.0,103.5,5,0.0
AC-09,SUR,20,BOG,MIA,106.0,109.67,5,52.0
AC-09,SUR,21,MIA,BOG,120.0,123.5,6,52.0
AC-09,SUR,22,BOG,MIA,126.0,129.67,6,52.0
AC-09,SUR,23,MIA,BOG,132.0,135.5,6,41.3
AC-09,SUR,24,BOG,MIA,138.0,141.67,6,52.0
AC-09,SUR,25,MIA,BOG,144.0,147.5,7,0.0
AC-09,SUR,26,BOG,MIA,150.0,153.67,7,52.0
AC-09,SUR,27,MIA,BOG,156.0,159.5,7,46.0
AC-09,SUR,28,BOG,MIA,162.0,165.67,7,52.0
AC-11,SUR,1,MIA,BOG,0.0,3.5,1,14.0
AC-11,SUR,2,BOG,MIA,8.0,11.67,1,52.0
AC-11,SUR,3,MIA,UIO,14.0,18.17,1,51.8
AC-11,SUR,4,UIO,MIA,20.0,24.0,1,52.0
AC-11,SUR,5,MIA,BOG,26.0,29.5,2,0.0
AC-11,SUR,6,BOG,MIA,32.0,35.67,2,52.0
AC-11,SUR,7,MIA,BOG,38.0,41.5,2,0.0
AC-11,SUR,8,BOG,MIA,44.0,47.67,2,52.0
AC-11,SUR,9,MIA,BOG,50.0,53.5,3,49.1
AC-11,SUR,10,BOG,MIA,56.0,59.67,3,52.0
AC-11,SUR,11,MIA,BOG,62.0,65.5,3,52.0
AC-11,SUR,12,BOG,MIA,68.0,71.67,3,52.0
AC-11,SUR,13,MIA,BOG,74.0,77.5,4,0.0
AC-11,SUR,14,BOG,MIA,80.0,83.67,4,52.0
AC-11,SUR,15,MIA,BOG,96.0,99.5,5,0.0
AC-11,SUR,16,BOG,MIA,102.0,105.67,5,52.0
AC-11,SUR,17,MIA,BOG,108.0,111.5,5,0.0
AC-11,SUR,18,BOG,MIA,114.0,117.67,5,52.0
AC-11,SUR,19,MIA,BOG,120.0,123.5,6,0.0
AC-11,SUR,20,BOG,MIA,126.0,129.67,6,52.0
AC-11,SUR,21,MIA,BOG,132.0,135.5,6,0.0
AC-11,SUR,22,BOG,MIA,138.0,141.67,6,52.0
AC-11,SUR,23,MIA,BOG,144.0,147.5,7,0.0
AC-11,SUR,24,BOG,MIA,150.0,153.67,7,52.0
AC-11,SUR,25,MIA,BOG,156.0,159.5,7,0.0
AC-11,SUR,26,BOG,MIA,162.0,165.67,7,52.0
AC-13,SUR,1,BOG,MIA,0.0,3.67,1,52.0
AC-13,SUR,2,MIA,MDE,6.0,9.33,1,39.5
AC-13,SUR,3,MDE,MIA,12.0,15.33,1,52.0
AC-13,SUR,4,MIA,BOG,18.0,21.5,1,10.0
AC-13,SUR,5,BOG,MIA,24.0,27.67,2,52.0
AC-13,SUR,6,MIA,BOG,30.0,33.5,2,10.0
AC-13,SUR,7,BOG,MIA,36.0,39.67,2,52.0
AC-13,SUR,8,MIA,BOG,42.0,45.5,2,0.0
AC-13,SUR,9,BOG,MIA,48.0,51.67,3,52.0
AC-13,SUR,10,MIA,BOG,54.0,57.5,3,0.0
AC-13,SUR,11,BOG,MIA,60.0,63.67,3,52.0
AC-13,SUR,12,MIA,BAQ,66.0,68.67,3,41.8
AC-13,SUR,13,BAQ,UIO,70.0,72.08,3,52.0
AC-13,SUR,14,UIO,MIA,74.0,78.0,4,52.0
AC-13,SUR,15,MIA,VCP,88.0,96.33,4,52.0
AC-13,SUR,16,VCP,BOG,98.0,103.92,5,52.0
AC-13,SUR,17,BOG,MIA,106.0,109.67,5,52.0
AC-13,SUR,18,MIA,BOG,112.0,115.5,5,38.1
AC-13,SUR,19,BOG,MIA,118.0,121.67,5,52.0
AC-13,SUR,20,MIA,VCP,126.0,134.33,6,52.0
AC-13,SUR,21,VCP,EZE,136.0,138.83,6,51.3
AC-13,SUR,22,EZE,SCL,140.0,142.17,6,34.1
AC-13,SUR,23,SCL,LIM,144.0,147.75,7,52.0
AC-13,SUR,24,LIM,BOG,150.0,153.08,7,50.1
AC-13,SUR,25,BOG,MIA,156.0,159.67,7,52.0
AC-13,SUR,26,MIA,BOG,162.0,165.5,7,0.0
AC-17,SUR,1,MIA,SJO,28.0,30.83,2,21.4
AC-17,SUR,2,SJO,GUA,32.0,33.58,2,21.9
AC-17,SUR,3,GUA,MIA,44.0,46.5,2,50.0
AC-17,SUR,4,MIA,BOG,64.0,67.5,3,0.0
AC-17,SUR,5,BOG,MIA,70.0,73.67,3,50.0
AC-17,SUR,6,MIA,BOG,76.0,79.5,4,0.0
AC-17,SUR,7,BOG,MIA,82.0,85.67,4,50.0
AC-17,SUR,8,MIA,BOG,88.0,91.5,4,50.0
AC-17,SUR,9,BOG,MIA,94.0,97.67,4,50.0
AC-17,SUR,10,MIA,SJO,100.0,102.83,5,27.3
AC-17,SUR,11,SJO,GUA,104.0,105.58,5,34.9
AC-17,SUR,12,GUA,MIA,108.0,110.5,5,50.0
AC-17,SUR,13,MIA,BOG,112.0,115.5,5,0.0
AC-17,SUR,14,BOG,MIA,118.0,121.67,5,50.0
AC-17,SUR,15,MIA,SJO,124.0,126.83,6,40.9
AC-17,SUR,16,SJO,GUA,128.0,129.58,6,41.8
AC-17,SUR,17,GUA,MIA,132.0,134.5,6,50.0
AC-17,SUR,18,MIA,MDE,136.0,139.33,6,18.4
AC-17,SUR,19,MDE,MIA,142.0,145.33,6,50.0
AC-17,SUR,20,MIA,SJO,150.0,152.83,7,27.9
AC-17,SUR,21,SJO,GUA,156.0,157.58,7,30.7
AC-17,SUR,22,GUA,MIA,164.0,166.5,7,50.0
AC-03,AND,1,MIA,MDE,18.0,21.33,1,0.0
AC-03,AND,2,MDE,MIA,26.0,29.33,2,52.0
AC-03,AND,3,MIA,CLO,32.0,35.58,2,0.0
AC-03,AND,4,CLO,UIO,48.0,49.25,3,10.1
AC-03,AND,5,UIO,MIA,56.0,60.0,3,52.0
AC-03,AND,6,MIA,BOG,70.0,73.5,3,0.0
AC-03,AND,7,BOG,MIA,104.0,107.67,5,52.0
AC-05,AND,1,BOG,MIA,24.0,27.67,2,52.0
AC-05,AND,2,MIA,BOG,32.0,35.5,2,0.0
AC-05,AND,3,BOG,MIA,40.0,43.67,2,52.0
AC-05,AND,4,MIA,BOG,114.0,117.5,5,0.0
AC-08,AND,1,BOG,MIA,34.0,37.67,2,54.0
AC-08,AND,2,MIA,BOG,52.0,55.5,3,0.0
AC-08,AND,3,BOG,MIA,58.0,61.67,3,54.0
AC-08,AND,4,MIA,MDE,64.0,67.33,3,10.0
AC-08,AND,5,MDE,MIA,70.0,73.33,3,54.0
AC-08,AND,6,MIA,GRU,80.0,88.5,4,18.8
AC-08,AND,7,GRU,MAO,96.0,99.83,5,54.0
AC-08,AND,8,MAO,GRU,102.0,105.75,5,41.9
AC-08,AND,9,GRU,MAO,108.0,111.83,5,48.2
AC-08,AND,10,MAO,GRU,114.0,117.75,5,54.0
AC-08,AND,11,GRU,MAO,120.0,123.83,6,54.0
AC-08,AND,12,MAO,GRU,126.0,129.75,6,54.0
AC-08,AND,13,GRU,MAO,132.0,135.83,6,54.0
AC-08,AND,14,MAO,GRU,138.0,141.75,6,54.0
AC-08,AND,15,GRU,MAO,144.0,147.83,7,33.7
AC-08,AND,16,MAO,GRU,150.0,153.75,7,54.0
AC-08,AND,17,GRU,VCP,158.0,158.67,7,26.7
AC-08,AND,18,VCP,BOG,160.0,165.92,7,54.0
AC-12,AND,1,MIA,BOG,30.0,33.5,2,0.0
AC-12,AND,2,BOG,MIA,68.0,71.67,3,52.0
AC-12,AND,3,MIA,CLO,88.0,91.58,4,0.0
AC-12,AND,4,CLO,UIO,96.0,97.25,5,10.1
AC-12,AND,5,UIO,MIA,134.0,138.0,6,52.0
AC-16,AND,1,MIA,GRU,0.0,8.5,1,42.7
AC-16,AND,2,GRU,MAO,12.0,15.83,1,54.0
AC-16,AND,3,MAO,GRU,18.0,21.75,1,49.4
AC-16,AND,4,GRU,MAO,24.0,27.83,2,54.0
AC-16,AND,5,MAO,GRU,30.0,33.75,2,42.1
AC-16,AND,6,GRU,MAO,36.0,39.83,2,54.0
AC-16,AND,7,MAO,GRU,42.0,45.75,2,54.0
AC-16,AND,8,GRU,MAO,50.0,53.83,3,54.0
AC-16,AND,9,MAO,GRU,56.0,59.75,3,54.0
AC-16,AND,10,GRU,MAO,66.0,69.83,3,54.0
AC-16,AND,11,MAO,GRU,72.0,75.75,4,54.0
AC-16,AND,12,GRU,VCP,78.0,78.67,4,24.6
AC-16,AND,13,VCP,SCL,80.0,84.08,4,54.0
AC-16,AND,14,SCL,LIM,86.0,89.75,4,52.2
AC-16,AND,15,LIM,BOG,92.0,95.08,4,53.6
AC-16,AND,16,BOG,MIA,98.0,101.67,5,54.0
AC-16,AND,17,MIA,BOG,104.0,107.5,5,0.0
AC-16,AND,18,BOG,MIA,110.0,113.67,5,54.0
AC-16,AND,19,MIA,UIO,116.0,120.17,5,0.0
AC-16,AND,20,UIO,MIA,122.0,126.0,6,54.0
AC-16,AND,21,MIA,UIO,146.0,150.17,7,10.0
AC-16,AND,22,UIO,MIA,158.0,162.0,7,54.0
AC-18,AND,1,VCP,EZE,48.0,50.83,3,52.0
AC-18,AND,2,EZE,SCL,52.0,54.17,3,49.39
AC-18,AND,3,SCL,LIM,56.0,59.75,3,50.59
AC-18,AND,4,LIM,UIO,64.0,66.33,3,10.0
AC-18,AND,5,UIO,MIA,68.0,72.0,3,52.0
AC-18,AND,6,MIA,BOG,96.0,99.5,5,0.0
AC-18,AND,7,BOG,MIA,102.0,105.67,5,52.0
AC-18,AND,8,MIA,VCP,108.0,116.33,5,52.0
AC-19,AND,1,MIA,MDE,60.0,63.33,3,0.0
AC-19,AND,2,MDE,MIA,66.0,69.33,3,52.0
