avion,pos,origen_q,destino_q,dia_q,a_bordo_t,embarque_inicial_t,entrega_t,through_t,transfer_in_t,transfer_out_t
AC-18,2,BAQ,UIO,1,10.5,10.5,10.5,0.0,0.0,0.0
AC-13,13,BAQ,UIO,3,10.2,10.2,10.2,0.0,0.0,0.0
AC-13,20,BAQ,UIO,5,13.4,13.4,13.4,0.0,0.0,0.0
AC-01,1,BOG,MIA,1,47.3,47.3,47.3,0.0,0.0,0.0
AC-06,1,BOG,MIA,1,50.0,50.0,50.0,0.0,0.0,0.0
AC-07,1,BOG,MIA,1,52.0,52.0,52.0,0.0,0.0,0.0
AC-10,1,BOG,MIA,1,52.0,52.0,52.0,0.0,0.0,0.0
AC-13,1,BOG,MIA,1,52.0,52.0,52.0,0.0,0.0,0.0
AC-15,2,BOG,MIA,1,46.8,46.8,46.8,0.0,0.0,0.0
AC-10,3,BOG,MIA,1,52.0,52.0,52.0,0.0,0.0,0.0
AC-01,5,BOG,MIA,2,52.0,52.0,52.0,0.0,0.0,0.0
AC-02,4,BOG,MIA,2,50.7,50.7,50.7,0.0,0.0,0.0
AC-13,5,BOG,MIA,2,52.0,52.0,52.0,0.0,0.0,0.0
AC-16,2,BOG,MIA,2,54.0,54.0,54.0,0.0,0.0,0.0
AC-06,5,BOG,MIA,2,45.7,45.7,45.7,0.0,0.0,0.0
AC-10,5,BOG,MIA,2,52.0,52.0,52.0,0.0,0.0,0.0
AC-11,4,BOG,MIA,2,52.0,52.0,52.0,0.0,0.0,0.0
AC-03,2,BOG,MIA,2,52.0,52.0,52.0,0.0,0.0,0.0
AC-09,8,BOG,MIA,2,52.0,52.0,52.0,0.0,0.0,0.0
AC-15,5,BOG,MIA,2,50.0,50.0,50.0,0.0,0.0,0.0
AC-04,7,BOG,MIA,2,54.0,54.0,54.0,0.0,0.0,0.0
AC-13,7,BOG,MIA,2,52.0,52.0,52.0,0.0,0.0,0.0
AC-16,4,BOG,MIA,2,54.0,54.0,54.0,0.0,0.0,0.0
AC-11,6,BOG,MIA,2,52.0,52.0,52.0,0.0,0.0,0.0
AC-09,10,BOG,MIA,2,52.0,52.0,52.0,0.0,0.0,0.0
AC-13,9,BOG,MIA,3,52.0,52.0,52.0,0.0,0.0,0.0
AC-16,6,BOG,MIA,3,54.0,54.0,54.0,0.0,0.0,0.0
AC-01,10,BOG,MIA,3,50.6,50.6,50.6,0.0,0.0,0.0
AC-10,8,BOG,MIA,3,48.7,48.7,48.7,0.0,0.0,0.0
AC-05,1,BOG,MIA,3,52.0,52.0,52.0,0.0,0.0,0.0
AC-11,8,BOG,MIA,3,52.0,52.0,52.0,0.0,0.0,0.0
AC-07,9,BOG,MIA,3,48.3,48.3,48.3,0.0,0.0,0.0
AC-09,12,BOG,MIA,3,52.0,52.0,52.0,0.0,0.0,0.0
AC-16,8,BOG,MIA,3,51.4,51.4,51.4,0.0,0.0,0.0
AC-04,9,BOG,MIA,3,54.0,54.0,54.0,0.0,0.0,0.0
AC-11,10,BOG,MIA,3,52.0,52.0,52.0,0.0,0.0,0.0
AC-09,14,BOG,MIA,3,52.0,52.0,52.0,0.0,0.0,0.0
AC-04,11,BOG,MIA,4,54.0,54.0,54.0,0.0,0.0,0.0
AC-02,11,BOG,MIA,4,54.0,54.0,54.0,0.0,0.0,0.0
AC-01,15,BOG,MIA,4,52.0,52.0,52.0,0.0,0.0,0.0
AC-11,12,BOG,MIA,4,52.0,52.0,52.0,0.0,0.0,0.0
AC-07,12,BOG,MIA,4,52.0,52.0,52.0,0.0,0.0,0.0
AC-09,16,BOG,MIA,4,52.0,52.0,52.0,0.0,0.0,0.0
AC-15,11,BOG,MIA,4,50.0,50.0,50.0,0.0,0.0,0.0
AC-17,5,BOG,MIA,4,40.9,40.9,40.9,0.0,0.0,0.0
AC-04,13,BOG,MIA,4,54.0,54.0,54.0,0.0,0.0,0.0
AC-02,13,BOG,MIA,4,54.0,54.0,54.0,0.0,0.0,0.0
AC-09,18,BOG,MIA,4,52.0,52.0,52.0,0.0,0.0,0.0
AC-13,16,BOG,MIA,4,52.0,52.0,52.0,0.0,0.0,0.0
AC-06,15,BOG,MIA,5,31.1,31.1,31.1,0.0,0.0,0.0
AC-16,12,BOG,MIA,5,54.0,54.0,54.0,0.0,0.0,0.0
AC-03,4,BOG,MIA,5,52.0,52.0,52.0,0.0,0.0,0.0
AC-04,15,BOG,MIA,5,54.0,54.0,54.0,0.0,0.0,0.0
AC-11,14,BOG,MIA,5,52.0,52.0,52.0,0.0,0.0,0.0
AC-19,12,BOG,MIA,5,52.0,52.0,52.0,0.0,0.0,0.0
AC-09,20,BOG,MIA,5,52.0,52.0,52.0,0.0,0.0,0.0
AC-13,18,BOG,MIA,5,48.2,48.2,48.2,0.0,0.0,0.0
AC-15,14,BOG,MIA,5,50.0,50.0,50.0,0.0,0.0,0.0
AC-18,5,BOG,MIA,5,52.0,52.0,52.0,0.0,0.0,0.0
AC-01,20,BOG,MIA,5,52.0,52.0,52.0,0.0,0.0,0.0
AC-16,14,BOG,MIA,5,54.0,54.0,54.0,0.0,0.0,0.0
AC-11,16,BOG,MIA,5,52.0,52.0,52.0,0.0,0.0,0.0
AC-19,14,BOG,MIA,5,52.0,52.0,52.0,0.0,0.0,0.0
AC-08,11,BOG,MIA,5,54.0,54.0,54.0,0.0,0.0,0.0
AC-02,18,BOG,MIA,6,54.0,54.0,54.0,0.0,0.0,0.0
AC-09,22,BOG,MIA,6,52.0,52.0,52.0,0.0,0.0,0.0
AC-11,18,BOG,MIA,6,52.0,52.0,52.0,0.0,0.0,0.0
AC-10,17,BOG,MIA,6,52.0,52.0,52.0,0.0,0.0,0.0
AC-06,19,BOG,MIA,6,50.0,50.0,50.0,0.0,0.0,0.0
AC-04,21,BOG,MIA,6,54.0,54.0,54.0,0.0,0.0,0.0
AC-02,20,BOG,MIA,6,54.0,54.0,54.0,0.0,0.0,0.0
AC-09,24,BOG,MIA,6,52.0,52.0,52.0,0.0,0.0,0.0
AC-10,19,BOG,MIA,6,52.0,52.0,52.0,0.0,0.0,0.0
AC-06,21,BOG,MIA,7,50.0,50.0,50.0,0.0,0.0,0.0
AC-02,22,BOG,MIA,7,54.0,54.0,54.0,0.0,0.0,0.0
AC-09,26,BOG,MIA,7,52.0,52.0,52.0,0.0,0.0,0.0
AC-11,22,BOG,MIA,7,52.0,52.0,52.0,0.0,0.0,0.0
AC-06,23,BOG,MIA,7,50.0,50.0,50.0,0.0,0.0,0.0
AC-13,27,BOG,MIA,7,52.0,52.0,52.0,0.0,0.0,0.0
AC-04,25,BOG,MIA,7,54.0,54.0,54.0,0.0,0.0,0.0
AC-09,28,BOG,MIA,7,52.0,52.0,52.0,0.0,0.0,0.0
AC-11,24,BOG,MIA,7,52.0,52.0,52.0,0.0,0.0,0.0
AC-01,1,BOG,UIO,1,4.7,4.7,0.0,4.7,0.0,0.0
AC-01,2,BOG,UIO,1,4.7,0.0,4.7,0.0,0.0,0.0
AC-01,10,BOG,UIO,3,1.4,1.4,0.0,1.4,0.0,0.0
AC-01,11,BOG,UIO,3,1.4,0.0,0.0,1.4,0.0,0.0
AC-16,8,BOG,UIO,3,2.6,2.6,0.0,0.0,0.0,2.6
AC-01,12,BOG,UIO,3,1.4,0.0,1.4,0.0,0.0,0.0
AC-02,23,BOG,UIO,3,2.6,0.0,2.6,0.0,2.6,0.0
AC-13,18,BOG,UIO,5,3.8,3.8,0.0,3.8,0.0,0.0
AC-13,19,BOG,UIO,5,3.8,0.0,0.0,3.8,0.0,0.0
AC-13,20,BOG,UIO,5,3.8,0.0,3.8,0.0,0.0,0.0
AC-06,9,BRU,FRA,3,36.5,36.5,36.5,0.0,0.0,0.0
AC-10,10,BRU,FRA,4,40.9,40.9,40.9,0.0,0.0,0.0
AC-10,13,BRU,FRA,5,42.8,42.8,42.8,0.0,0.0,0.0
AC-06,9,BRU,SCL,3,4.3,4.3,0.0,4.3,0.0,0.0
AC-06,10,BRU,SCL,3,4.3,0.0,0.0,4.3,0.0,0.0
AC-06,11,BRU,SCL,3,4.3,0.0,0.0,0.0,0.0,4.3
AC-19,9,BRU,SCL,3,4.3,0.0,4.3,0.0,4.3,0.0
AC-06,9,BRU,VCP,3,9.2,9.2,0.0,9.2,0.0,0.0
AC-06,10,BRU,VCP,3,9.2,0.0,0.0,9.2,0.0,0.0
AC-06,11,BRU,VCP,3,9.2,0.0,9.2,0.0,0.0,0.0
AC-10,13,BRU,VCP,5,9.2,9.2,0.0,9.2,0.0,0.0
AC-10,14,BRU,VCP,5,9.2,0.0,0.0,9.2,0.0,0.0
AC-10,15,BRU,VCP,5,9.2,0.0,9.2,0.0,0.0,0.0
AC-09,2,CLO,UIO,1,11.6,11.6,11.6,0.0,0.0,0.0
AC-02,8,CLO,UIO,3,10.1,10.1,10.1,0.0,0.0,0.0
AC-08,8,CLO,UIO,5,10.1,10.1,10.1,0.0,0.0,0.0
AC-07,4,EZE,MIA,1,5.4,5.4,0.0,5.4,0.0,0.0
AC-07,5,EZE,MIA,1,5.4,0.0,5.4,0.0,0.0,0.0
AC-12,7,EZE,MIA,3,6.7,6.7,0.0,6.7,0.0,0.0
AC-12,8,EZE,MIA,3,6.7,0.0,0.0,6.7,0.0,0.0
AC-12,9,EZE,MIA,3,6.7,0.0,0.0,6.7,0.0,0.0
AC-12,10,EZE,MIA,3,6.7,0.0,6.7,0.0,0.0,0.0
AC-07,4,EZE,SCL,1,20.8,20.8,20.8,0.0,0.0,0.0
AC-12,7,EZE,SCL,3,16.2,16.2,16.2,0.0,0.0,0.0
AC-13,24,EZE,SCL,6,21.2,21.2,21.2,0.0,0.0,0.0
AC-06,10,FRA,VCP,3,10.0,10.0,0.0,10.0,0.0,0.0
AC-06,11,FRA,VCP,3,10.0,0.0,10.0,0.0,0.0,0.0
AC-10,14,FRA,VCP,5,10.3,10.3,0.0,10.3,0.0,0.0
AC-10,15,FRA,VCP,5,10.3,0.0,10.3,0.0,0.0,0.0
AC-12,1,GRU,BOG,1,12.4,12.4,0.0,0.0,0.0,12.4
AC-06,14,GRU,BOG,1,12.4,0.0,12.4,0.0,12.4,0.0
AC-19,8,GRU,BOG,4,8.2,8.2,0.0,8.2,0.0,0.0
AC-19,9,GRU,BOG,4,8.2,0.0,0.0,8.2,0.0,0.0
AC-06,13,GRU,BOG,4,16.4,16.4,0.0,16.4,0.0,0.0
AC-19,10,GRU,BOG,4,8.2,0.0,0.0,8.2,0.0,0.0
AC-06,14,GRU,BOG,4,16.4,0.0,16.4,0.0,0.0,0.0
AC-19,11,GRU,BOG,4,8.2,0.0,8.2,0.0,0.0,0.0
AC-12,1,GRU,MAO,1,39.6,39.6,39.6,0.0,0.0,0.0
AC-12,3,GRU,MAO,2,52.0,52.0,52.0,0.0,0.0,0.0
AC-19,2,GRU,MAO,2,46.8,46.8,46.8,0.0,0.0,0.0
AC-12,5,GRU,MAO,3,13.3,13.3,0.0,0.0,0.0,13.3
AC-19,4,GRU,MAO,3,52.0,52.0,52.0,0.0,0.0,0.0
AC-19,6,GRU,MAO,3,52.0,52.0,52.0,0.0,0.0,0.0
AC-06,12,GRU,MAO,3,13.3,0.0,0.0,0.0,13.3,13.3
AC-12,21,GRU,MAO,3,13.3,0.0,13.3,0.0,13.3,0.0
AC-19,8,GRU,MAO,4,1.8,1.8,0.0,0.0,0.0,1.8
AC-06,13,GRU,MAO,4,14.910000000000004,14.910000000000004,14.910000000000004,0.0,0.0,0.0
AC-12,12,GRU,MAO,4,1.8,0.0,0.0,1.8,1.8,0.0
AC-12,13,GRU,MAO,4,1.8,0.0,1.8,0.0,0.0,0.0
AC-12,13,GRU,MAO,5,50.2,50.2,50.2,0.0,0.0,0.0
AC-12,15,GRU,MAO,5,52.0,52.0,52.0,0.0,0.0,0.0
AC-12,17,GRU,MAO,6,52.0,52.0,52.0,0.0,0.0,0.0
AC-12,19,GRU,MAO,6,52.0,52.0,52.0,0.0,0.0,0.0
AC-12,21,GRU,MAO,7,33.7,33.7,33.7,0.0,0.0,0.0
AC-09,6,GUA,MIA,2,52.0,52.0,52.0,0.0,0.0,0.0
AC-17,3,GUA,MIA,2,50.0,50.0,50.0,0.0,0.0,0.0
AC-17,8,GUA,MIA,5,43.6,43.6,43.6,0.0,0.0,0.0
AC-01,22,GUA,MIA,6,44.6,44.6,44.6,0.0,0.0,0.0
AC-17,13,GUA,MIA,6,44.9,44.9,44.9,0.0,0.0,0.0
AC-17,16,GUA,MIA,7,43.7,43.7,43.7,0.0,0.0,0.0
AC-15,1,LAX,BOG,1,22.2,22.2,22.2,0.0,0.0,0.0
AC-15,10,LAX,BOG,4,21.5,21.5,21.5,0.0,0.0,0.0
AC-07,22,LAX,BOG,7,41.6,41.6,41.6,0.0,0.0,0.0
AC-15,1,LAX,MIA,1,3.2,3.2,0.0,3.2,0.0,0.0
AC-15,2,LAX,MIA,1,3.2,0.0,3.2,0.0,0.0,0.0
AC-06,4,LIM,BOG,1,22.0,22.0,22.0,0.0,0.0,0.0
AC-07,8,LIM,BOG,3,41.4,41.4,41.4,0.0,0.0,0.0
AC-19,11,LIM,BOG,4,21.1,21.1,21.1,0.0,0.0,0.0
AC-13,26,LIM,BOG,7,37.2,37.2,37.2,0.0,0.0,0.0
AC-06,4,LIM,MIA,1,4.3,4.3,0.0,4.3,0.0,0.0
AC-06,5,LIM,MIA,1,4.3,0.0,4.3,0.0,0.0,0.0
AC-07,8,LIM,MIA,3,3.7,3.7,0.0,3.7,0.0,0.0
AC-07,9,LIM,MIA,3,3.7,0.0,3.7,0.0,0.0,0.0
AC-12,2,MAO,GRU,1,33.9,33.9,33.9,0.0,0.0,0.0
AC-12,4,MAO,GRU,2,52.0,52.0,52.0,0.0,0.0,0.0
AC-19,3,MAO,GRU,2,44.1,44.1,44.1,0.0,0.0,0.0
AC-19,5,MAO,GRU,3,52.0,52.0,52.0,0.0,0.0,0.0
AC-19,7,MAO,GRU,4,52.0,52.0,52.0,0.0,0.0,0.0
AC-12,14,MAO,GRU,5,52.0,52.0,52.0,0.0,0.0,0.0
AC-12,16,MAO,GRU,5,43.9,43.9,43.9,0.0,0.0,0.0
AC-12,18,MAO,GRU,6,52.0,52.0,52.0,0.0,0.0,0.0
AC-12,20,MAO,GRU,6,52.0,52.0,52.0,0.0,0.0,0.0
AC-12,22,MAO,GRU,7,52.0,52.0,52.0,0.0,0.0,0.0
AC-13,3,MDE,BOG,1,9.3,9.3,0.0,9.3,0.0,0.0
AC-13,4,MDE,BOG,1,9.3,0.0,9.3,0.0,0.0,0.0
AC-08,4,MDE,BOG,3,2.0,2.0,0.0,0.0,0.0,2.0
AC-13,11,MDE,BOG,3,8.6,8.6,0.0,0.0,0.0,8.6
AC-04,20,MDE,BOG,3,8.6,0.0,8.6,0.0,8.6,0.0
AC-09,27,MDE,BOG,3,2.0,0.0,2.0,0.0,2.0,0.0
AC-17,10,MDE,BOG,5,8.0,8.0,0.0,0.0,0.0,8.0
AC-09,27,MDE,BOG,5,8.0,0.0,8.0,0.0,8.0,0.0
AC-13,3,MDE,MIA,1,42.7,42.7,42.7,0.0,0.0,0.0
AC-08,2,MDE,MIA,2,54.0,54.0,54.0,0.0,0.0,0.0
AC-08,4,MDE,MIA,3,52.0,52.0,52.0,0.0,0.0,0.0
AC-13,11,MDE,MIA,3,43.4,43.4,43.4,0.0,0.0,0.0
AC-08,6,MDE,MIA,3,54.0,54.0,54.0,0.0,0.0,0.0
AC-17,10,MDE,MIA,5,42.0,42.0,42.0,0.0,0.0,0.0
AC-11,20,MDE,MIA,6,52.0,52.0,52.0,0.0,0.0,0.0
AC-01,26,MDE,MIA,7,52.0,52.0,52.0,0.0,0.0,0.0
AC-02,3,MIA,BOG,1,26.0,26.0,26.0,0.0,0.0,0.0
AC-01,4,MIA,BOG,1,48.7,48.7,48.7,0.0,0.0,0.0
AC-13,4,MIA,BOG,1,42.7,42.7,42.7,0.0,0.0,0.0
AC-09,9,MIA,BOG,2,46.9,46.9,46.9,0.0,0.0,0.0
AC-13,8,MIA,BOG,2,10.0,10.0,10.0,0.0,0.0,0.0
AC-11,7,MIA,BOG,3,52.0,52.0,52.0,0.0,0.0,0.0
AC-11,9,MIA,BOG,3,19.1,19.1,19.1,0.0,0.0,0.0
AC-04,10,MIA,BOG,3,54.0,54.0,54.0,0.0,0.0,0.0
AC-09,15,MIA,BOG,4,52.0,52.0,52.0,0.0,0.0,0.0
AC-09,17,MIA,BOG,4,52.0,52.0,52.0,0.0,0.0,0.0
AC-04,14,MIA,BOG,4,15.8,15.8,15.8,0.0,0.0,0.0
AC-01,19,MIA,BOG,5,38.1,38.1,38.1,0.0,0.0,0.0
AC-11,17,MIA,BOG,6,29.9,29.9,29.9,0.0,0.0,0.0
AC-06,18,MIA,BOG,6,1.1,1.1,1.1,0.0,0.0,0.0
AC-04,20,MIA,BOG,6,1.4,1.4,1.4,0.0,0.0,0.0
AC-09,23,MIA,BOG,6,52.0,52.0,52.0,0.0,0.0,0.0
AC-09,25,MIA,BOG,7,48.0,48.0,48.0,0.0,0.0,0.0
AC-06,8,MIA,BRU,3,20.3,20.3,20.3,0.0,0.0,0.0
AC-10,9,MIA,BRU,4,41.7,41.7,41.7,0.0,0.0,0.0
AC-19,1,MIA,EZE,1,4.8,4.8,0.0,0.0,0.0,4.8
AC-12,5,MIA,EZE,1,4.8,0.0,0.0,1.1099999999999932,4.8,3.6900000000000066
AC-12,6,MIA,EZE,1,1.1099999999999932,0.0,1.1099999999999932,0.0,0.0,0.0
AC-13,23,MIA,EZE,1,3.6900000000000066,0.0,3.6900000000000066,0.0,3.6900000000000066,0.0
AC-01,4,MIA,FRA,1,3.3,3.3,0.0,0.0,0.0,3.3
AC-10,8,MIA,FRA,1,3.3,0.0,0.0,3.3,3.3,0.0
AC-10,9,MIA,FRA,1,3.3,0.0,0.0,3.3,0.0,0.0
AC-10,10,MIA,FRA,1,3.3,0.0,3.3,0.0,0.0,0.0
AC-06,8,MIA,FRA,3,7.8,7.8,0.0,0.0,0.0,7.8
AC-10,10,MIA,FRA,3,7.8,0.0,7.8,0.0,7.8,0.0
AC-19,1,MIA,GRU,1,22.5,22.5,22.5,0.0,0.0,0.0
AC-12,11,MIA,GRU,4,18.8,18.8,0.0,18.8,0.0,0.0
AC-12,12,MIA,GRU,4,18.8,0.0,18.8,0.0,0.0,0.0
AC-09,4,MIA,GUA,1,8.6,8.6,0.0,8.6,0.0,0.0
AC-09,5,MIA,GUA,1,8.6,0.0,8.6,0.0,0.0,0.0
AC-09,11,MIA,GUA,3,9.1,9.1,0.0,0.0,0.0,9.1
AC-17,5,MIA,GUA,3,9.1,0.0,0.0,9.1,9.1,0.0
AC-17,6,MIA,GUA,3,9.1,0.0,0.0,9.1,0.0,0.0
AC-17,7,MIA,GUA,3,9.1,0.0,9.1,0.0,0.0,0.0
AC-01,21,MIA,GUA,5,8.7,8.7,8.7,0.0,0.0,0.0
AC-02,3,MIA,LAX,1,3.3,3.3,0.0,3.3,0.0,0.0
AC-09,4,MIA,LAX,1,1.4,1.4,0.0,1.4,0.0,0.0
AC-09,5,MIA,LAX,1,1.4,0.0,0.0,0.0,0.0,1.4
AC-02,4,MIA,LAX,1,3.3,0.0,0.0,0.0,0.0,3.3
AC-17,13,MIA,LAX,1,1.4,0.0,0.0,0.0,1.4,1.4
AC-07,20,MIA,LAX,1,4.7,0.0,0.0,4.7,4.699999999999999,0.0
AC-07,21,MIA,LAX,1,4.7,0.0,4.7,0.0,0.0,0.0
AC-15,8,MIA,LAX,3,4.7,4.7,0.0,4.7,0.0,0.0
AC-15,9,MIA,LAX,3,4.7,0.0,4.7,0.0,0.0,0.0
AC-01,21,MIA,LAX,5,4.6,4.6,0.0,4.6,0.0,0.0
AC-01,22,MIA,LAX,5,4.6,0.0,0.0,0.0,0.0,4.6
AC-07,20,MIA,LAX,5,4.6,0.0,0.0,4.6,4.6,0.0
AC-07,21,MIA,LAX,5,4.6,0.0,4.6,0.0,0.0,0.0
AC-06,2,MIA,LIM,1,7.1,7.1,0.0,7.1,0.0,0.0
AC-06,3,MIA,LIM,1,7.1,0.0,7.1,0.0,0.0,0.0
AC-15,3,MIA,LIM,1,2.4,2.4,0.0,0.0,0.0,2.4
AC-19,9,MIA,LIM,1,2.4,0.0,0.0,2.4,2.4,0.0
AC-19,10,MIA,LIM,1,2.4,0.0,2.4,0.0,0.0,0.0
AC-07,10,MIA,LIM,3,9.2,9.2,0.0,0.0,0.0,9.2
AC-19,9,MIA,LIM,3,9.2,0.0,0.0,9.2,9.2,0.0
AC-19,10,MIA,LIM,3,9.2,0.0,9.2,0.0,0.0,0.0
AC-13,2,MIA,MDE,1,39.5,39.5,39.5,0.0,0.0,0.0
AC-13,10,MIA,MDE,3,51.3,51.3,51.3,0.0,0.0,0.0
AC-08,5,MIA,MDE,3,10.0,10.0,10.0,0.0,0.0,0.0
AC-17,9,MIA,MDE,5,23.4,23.4,23.4,0.0,0.0,0.0
AC-11,19,MIA,MDE,6,18.4,18.4,18.4,0.0,0.0,0.0
AC-01,25,MIA,MDE,7,17.7,17.7,17.7,0.0,0.0,0.0
AC-06,2,MIA,SCL,1,42.9,42.9,42.9,0.0,0.0,0.0
AC-07,2,MIA,SCL,1,3.6,3.6,0.0,0.0,0.0,3.6000000000000014
AC-19,9,MIA,SCL,1,1.790000000000008,0.0,1.790000000000008,0.0,1.790000000000008,0.0
AC-13,23,MIA,SCL,1,1.8099999999999934,0.0,0.0,1.8099999999999934,1.8099999999999934,0.0
AC-13,24,MIA,SCL,1,1.8099999999999934,0.0,1.8099999999999934,0.0,0.0,0.0
AC-07,6,MIA,SCL,2,46.6,46.6,46.6,0.0,0.0,0.0
AC-09,11,MIA,SCL,3,18.9,18.9,0.0,0.0,0.0,18.9
AC-06,15,MIA,SCL,3,18.9,0.0,0.0,18.9,18.9,0.0
AC-06,16,MIA,SCL,3,18.9,0.0,18.9,0.0,0.0,0.0
AC-06,16,MIA,SCL,5,21.0,21.0,21.0,0.0,0.0,0.0
AC-15,19,MIA,SCL,6,37.4,37.4,37.4,0.0,0.0,0.0
AC-04,1,MIA,SDQ,1,22.5,22.5,22.5,0.0,0.0,0.0
AC-01,6,MIA,SDQ,2,39.2,39.2,39.2,0.0,0.0,0.0
AC-01,11,MIA,SDQ,3,20.6,20.6,20.6,0.0,0.0,0.0
AC-01,16,MIA,SDQ,4,21.7,21.7,21.7,0.0,0.0,0.0
AC-09,4,MIA,SJO,1,24.3,24.3,24.3,0.0,0.0,0.0
AC-17,1,MIA,SJO,2,21.4,21.4,21.4,0.0,0.0,0.0
AC-17,6,MIA,SJO,5,18.6,18.6,18.6,0.0,0.0,0.0
AC-17,11,MIA,SJO,6,40.9,40.9,40.9,0.0,0.0,0.0
AC-17,14,MIA,SJO,7,18.8,18.8,18.8,0.0,0.0,0.0
AC-09,1,MIA,UIO,1,40.4,40.4,0.0,40.4,0.0,0.0
AC-01,2,MIA,UIO,1,26.6,26.6,26.6,0.0,0.0,0.0
AC-09,2,MIA,UIO,1,40.4,0.0,40.4,0.0,0.0,0.0
AC-11,1,MIA,UIO,1,52.0,52.0,52.0,0.0,0.0,0.0
AC-04,4,MIA,UIO,1,54.0,54.0,54.0,0.0,0.0,0.0
AC-02,5,MIA,UIO,2,54.0,54.0,54.0,0.0,0.0,0.0
AC-02,7,MIA,UIO,2,23.5,23.5,0.0,23.5,0.0,0.0
AC-02,8,MIA,UIO,2,23.5,0.0,23.5,0.0,0.0,0.0
AC-01,11,MIA,UIO,3,12.2,12.2,0.0,12.2,0.0,0.0
AC-01,12,MIA,UIO,3,12.2,0.0,12.2,0.0,0.0,0.0
AC-13,12,MIA,UIO,3,41.8,41.8,0.0,41.8,0.0,0.0
AC-13,13,MIA,UIO,3,41.8,0.0,41.8,0.0,0.0,0.0
AC-01,16,MIA,UIO,4,30.3,30.3,0.0,30.3,0.0,0.0
AC-07,13,MIA,UIO,4,17.5,17.5,17.5,0.0,0.0,0.0
AC-01,17,MIA,UIO,4,30.3,0.0,30.3,0.0,0.0,0.0
AC-02,14,MIA,UIO,5,32.1,32.1,32.1,0.0,0.0,0.0
AC-13,19,MIA,UIO,5,34.8,34.8,0.0,34.8,0.0,0.0
AC-13,20,MIA,UIO,5,34.8,0.0,34.8,0.0,0.0,0.0
AC-04,18,MIA,UIO,5,54.0,54.0,54.0,0.0,0.0,0.0
AC-15,17,MIA,UIO,6,50.0,50.0,50.0,0.0,0.0,0.0
AC-07,18,MIA,UIO,6,27.8,27.8,27.8,0.0,0.0,0.0
AC-01,23,MIA,UIO,6,52.0,52.0,52.0,0.0,0.0,0.0
AC-04,22,MIA,UIO,6,54.0,54.0,54.0,0.0,0.0,0.0
AC-16,19,MIA,UIO,7,10.0,10.0,10.0,0.0,0.0,0.0
AC-02,23,MIA,UIO,7,50.3,50.3,50.3,0.0,0.0,0.0
AC-07,2,MIA,VCP,1,48.4,48.4,48.4,0.0,0.0,0.0
AC-15,3,MIA,VCP,1,47.6,47.6,47.6,0.0,0.0,0.0
AC-19,1,MIA,VCP,1,15.4,15.4,0.0,0.0,0.0,15.4
AC-12,5,MIA,VCP,1,15.4,0.0,15.4,0.0,15.4,0.0
AC-10,6,MIA,VCP,2,52.0,52.0,52.0,0.0,0.0,0.0
AC-07,10,MIA,VCP,3,42.8,42.8,42.8,0.0,0.0,0.0
AC-12,11,MIA,VCP,4,33.2,33.2,33.2,0.0,0.0,0.0
AC-15,12,MIA,VCP,4,50.0,50.0,50.0,0.0,0.0,0.0
AC-02,16,MIA,VCP,5,54.0,54.0,54.0,0.0,0.0,0.0
AC-07,15,MIA,VCP,5,52.0,52.0,52.0,0.0,0.0,0.0
AC-13,22,MIA,VCP,6,52.0,52.0,52.0,0.0,0.0,0.0
AC-06,3,SCL,BOG,1,9.7,9.7,0.0,9.7,0.0,0.0
AC-06,4,SCL,BOG,1,9.7,0.0,9.7,0.0,0.0,0.0
AC-12,8,SCL,BOG,3,9.2,9.2,0.0,0.0,0.0,9.2
AC-19,11,SCL,BOG,3,9.2,0.0,9.2,0.0,9.2,0.0
AC-06,17,SCL,BOG,5,8.9,8.9,0.0,8.9,0.0,0.0
AC-06,18,SCL,BOG,5,8.9,0.0,8.9,0.0,0.0,0.0
AC-06,3,SCL,LIM,1,31.8,31.8,31.8,0.0,0.0,0.0
AC-07,7,SCL,LIM,2,19.9,19.9,19.9,0.0,0.0,0.0
AC-12,8,SCL,LIM,3,18.2,18.2,18.2,0.0,0.0,0.0
AC-19,10,SCL,LIM,4,18.7,18.7,18.7,0.0,0.0,0.0
AC-13,25,SCL,LIM,7,38.8,38.8,38.8,0.0,0.0,0.0
AC-07,5,SCL,MIA,2,46.6,46.6,46.6,0.0,0.0,0.0
AC-06,17,SCL,MIA,5,41.1,41.1,41.1,0.0,0.0,0.0
AC-07,17,SCL,MIA,6,48.1,48.1,48.1,0.0,0.0,0.0
AC-15,20,SCL,MIA,7,49.2,49.2,49.2,0.0,0.0,0.0
AC-04,2,SDQ,UIO,1,20.8,20.8,20.8,0.0,0.0,0.0
AC-01,7,SDQ,UIO,2,19.2,19.2,19.2,0.0,0.0,0.0
AC-01,12,SDQ,UIO,3,38.4,38.4,38.4,0.0,0.0,0.0
AC-01,17,SDQ,UIO,4,20.8,20.8,20.8,0.0,0.0,0.0
AC-09,5,SJO,GUA,1,23.8,23.8,23.8,0.0,0.0,0.0
AC-17,2,SJO,GUA,2,21.9,21.9,21.9,0.0,0.0,0.0
AC-17,7,SJO,GUA,5,19.8,19.8,19.8,0.0,0.0,0.0
AC-17,12,SJO,GUA,6,41.8,41.8,41.8,0.0,0.0,0.0
AC-17,15,SJO,GUA,7,21.6,21.6,21.6,0.0,0.0,0.0
AC-09,5,SJO,MIA,1,10.0,10.0,0.0,0.0,0.0,10.0
AC-17,13,SJO,MIA,1,3.7,0.0,3.7,0.0,3.7,0.0
AC-17,16,SJO,MIA,1,6.3,0.0,6.3,0.0,6.3,0.0
AC-17,7,SJO,MIA,5,9.2,9.2,0.0,6.4,0.0,2.8
AC-17,8,SJO,MIA,5,6.4,0.0,6.4,0.0,0.0,0.0
AC-01,22,SJO,MIA,5,2.8,0.0,2.8,0.0,2.8,0.0
AC-15,7,UIO,LAX,3,5.3,5.3,0.0,5.3,0.0,0.0
AC-15,8,UIO,LAX,3,5.3,0.0,0.0,5.3,0.0,0.0
AC-15,9,UIO,LAX,3,5.3,0.0,5.3,0.0,0.0,0.0
AC-15,16,UIO,LAX,5,0.7,0.7,0.0,0.0,0.0,0.7
AC-07,20,UIO,LAX,5,0.7,0.0,0.0,0.7,0.7,0.0
AC-07,21,UIO,LAX,5,0.7,0.0,0.7,0.0,0.0,0.0
AC-02,2,UIO,MIA,1,54.0,54.0,54.0,0.0,0.0,0.0
AC-04,3,UIO,MIA,1,54.0,54.0,54.0,0.0,0.0,0.0
AC-09,3,UIO,MIA,1,52.0,52.0,52.0,0.0,0.0,0.0
AC-01,3,UIO,MIA,1,52.0,52.0,52.0,0.0,0.0,0.0
AC-11,2,UIO,MIA,1,52.0,52.0,52.0,0.0,0.0,0.0
AC-04,5,UIO,MIA,2,54.0,54.0,54.0,0.0,0.0,0.0
AC-02,6,UIO,MIA,2,54.0,54.0,54.0,0.0,0.0,0.0
AC-01,8,UIO,MIA,2,52.0,52.0,52.0,0.0,0.0,0.0
AC-06,7,UIO,MIA,2,50.0,50.0,50.0,0.0,0.0,0.0
AC-02,9,UIO,MIA,3,54.0,54.0,54.0,0.0,0.0,0.0
AC-15,7,UIO,MIA,3,44.7,44.7,44.7,0.0,0.0,0.0
AC-01,13,UIO,MIA,3,52.0,52.0,52.0,0.0,0.0,0.0
AC-18,3,UIO,MIA,3,52.0,52.0,52.0,0.0,0.0,0.0
AC-12,10,UIO,MIA,3,45.3,45.3,45.3,0.0,0.0,0.0
AC-13,14,UIO,MIA,4,52.0,52.0,52.0,0.0,0.0,0.0
AC-16,10,UIO,MIA,4,54.0,54.0,54.0,0.0,0.0,0.0
AC-07,14,UIO,MIA,4,52.0,52.0,52.0,0.0,0.0,0.0
AC-01,18,UIO,MIA,5,52.0,52.0,52.0,0.0,0.0,0.0
AC-08,9,UIO,MIA,5,54.0,54.0,54.0,0.0,0.0,0.0
AC-02,15,UIO,MIA,5,54.0,54.0,54.0,0.0,0.0,0.0
AC-04,17,UIO,MIA,5,54.0,54.0,54.0,0.0,0.0,0.0
AC-15,16,UIO,MIA,5,49.3,49.3,49.3,0.0,0.0,0.0
AC-13,21,UIO,MIA,6,52.0,52.0,52.0,0.0,0.0,0.0
AC-16,16,UIO,MIA,6,54.0,54.0,54.0,0.0,0.0,0.0
AC-04,19,UIO,MIA,6,54.0,54.0,54.0,0.0,0.0,0.0
AC-08,13,UIO,MIA,6,54.0,54.0,54.0,0.0,0.0,0.0
AC-15,18,UIO,MIA,6,50.0,50.0,50.0,0.0,0.0,0.0
AC-07,19,UIO,MIA,6,52.0,52.0,52.0,0.0,0.0,0.0
AC-08,15,UIO,MIA,6,54.0,54.0,54.0,0.0,0.0,0.0
AC-01,24,UIO,MIA,7,52.0,52.0,52.0,0.0,0.0,0.0
AC-16,18,UIO,MIA,7,54.0,54.0,54.0,0.0,0.0,0.0
AC-04,23,UIO,MIA,7,54.0,54.0,54.0,0.0,0.0,0.0
AC-10,21,UIO,MIA,7,52.0,52.0,52.0,0.0,0.0,0.0
AC-16,20,UIO,MIA,7,54.0,54.0,54.0,0.0,0.0,0.0
AC-02,24,UIO,MIA,7,54.0,54.0,54.0,0.0,0.0,0.0
AC-15,4,VCP,BOG,2,50.0,50.0,50.0,0.0,0.0,0.0
AC-10,7,VCP,BOG,2,52.0,52.0,52.0,0.0,0.0,0.0
AC-12,6,VCP,BOG,3,18.69000000000001,18.69000000000001,0.0,8.590000000000002,0.0,10.1
AC-12,7,VCP,BOG,3,8.590000000000002,0.0,0.0,0.0,0.0,8.590000000000002
AC-19,10,VCP,BOG,3,8.590000000000002,0.0,0.0,8.590000000000002,8.590000000000002,0.0
AC-19,11,VCP,BOG,3,8.590000000000002,0.0,8.590000000000002,0.0,0.0,0.0
AC-13,24,VCP,BOG,3,10.1,0.0,0.0,10.1,10.1,0.0
AC-13,25,VCP,BOG,3,10.1,0.0,0.0,10.1,0.0,0.0
AC-13,26,VCP,BOG,3,10.1,0.0,10.1,0.0,0.0,0.0
AC-07,11,VCP,BOG,4,52.0,52.0,52.0,0.0,0.0,0.0
AC-06,12,VCP,BOG,4,18.689999999999998,18.689999999999998,0.0,18.689999999999998,0.0,0.0
AC-19,9,VCP,BOG,4,4.909999999999995,4.909999999999995,0.0,4.909999999999995,0.0,0.0
AC-06,13,VCP,BOG,4,18.689999999999998,0.0,0.0,18.689999999999998,0.0,0.0
AC-19,10,VCP,BOG,4,4.909999999999995,0.0,0.0,4.909999999999995,0.0,0.0
AC-06,14,VCP,BOG,4,18.689999999999998,0.0,18.689999999999998,0.0,0.0,0.0
AC-19,11,VCP,BOG,4,4.909999999999995,0.0,4.909999999999995,0.0,0.0,0.0
AC-15,13,VCP,BOG,5,50.0,50.0,50.0,0.0,0.0,0.0
AC-02,17,VCP,BOG,5,54.0,54.0,54.0,0.0,0.0,0.0
AC-10,16,VCP,BOG,6,52.0,52.0,52.0,0.0,0.0,0.0
AC-13,23,VCP,BOG,6,3.1,3.1,0.0,3.1,0.0,0.0
AC-13,24,VCP,BOG,6,3.1,0.0,0.0,3.1,0.0,0.0
AC-13,25,VCP,BOG,6,3.1,0.0,0.0,3.1,0.0,0.0
AC-13,26,VCP,BOG,6,3.1,0.0,3.1,0.0,0.0,0.0
AC-07,3,VCP,EZE,1,43.4,43.4,43.4,0.0,0.0,0.0
AC-12,6,VCP,EZE,3,22.9,22.9,22.9,0.0,0.0,0.0
AC-13,23,VCP,EZE,6,43.4,43.4,43.4,0.0,0.0,0.0
AC-07,3,VCP,LIM,1,7.6,7.6,0.0,0.0,0.0,7.6
AC-12,7,VCP,LIM,1,7.6,0.0,0.0,7.6,7.6,0.0
AC-12,8,VCP,LIM,1,7.6,0.0,7.6,0.0,0.0,0.0
AC-12,6,VCP,LIM,3,6.3,6.3,0.0,6.3,0.0,0.0
AC-12,7,VCP,LIM,3,6.3,0.0,0.0,6.3,0.0,0.0
AC-12,8,VCP,LIM,3,6.3,0.0,6.3,0.0,0.0,0.0
AC-07,16,VCP,MIA,5,3.0,3.0,0.0,3.0,0.0,0.0
AC-07,17,VCP,MIA,5,3.0,0.0,3.0,0.0,0.0,0.0
AC-19,9,VCP,SCL,4,21.2,21.2,21.2,0.0,0.0,0.0
AC-07,16,VCP,SCL,5,48.1,48.1,48.1,0.0,0.0,0.0
AC-07,3,VCP,UIO,1,1.0,1.0,0.0,0.0,0.0,1.0
AC-12,7,VCP,UIO,1,1.0,0.0,0.0,1.0,1.0,0.0
AC-12,8,VCP,UIO,1,1.0,0.0,0.0,1.0,0.0,0.0
AC-12,9,VCP,UIO,1,1.0,0.0,1.0,0.0,0.0,0.0
AC-12,6,VCP,UIO,3,3.0,3.0,0.0,3.0,0.0,0.0
AC-12,7,VCP,UIO,3,3.0,0.0,0.0,3.0,0.0,0.0
AC-12,8,VCP,UIO,3,3.0,0.0,0.0,3.0,0.0,0.0
AC-12,9,VCP,UIO,3,3.0,0.0,3.0,0.0,0.0,0.0
AC-07,16,VCP,UIO,5,0.9,0.9,0.0,0.9,0.0,0.0
AC-07,17,VCP,UIO,5,0.9,0.0,0.0,0.9,0.0,0.0
AC-07,18,VCP,UIO,5,0.9,0.0,0.9,0.0,0.0,0.0
