q,from_k,from_s,to_k,to_s,tons,airport,from_operator,to_operator
"('BRU', 'SCL', 3)",AC-06,11,AC-15,15,1.8999999999999986,VCP,BRA,PAC
"('GRU', 'BOG', 4)",AC-09,12,AC-07,20,9.999999999999972,VCP,SUR,PAC
"('MDE', 'BOG', 1)",AC-07,3,AC-02,9,9.3,MIA,PAC,SUR
"('MDE', 'BOG', 5)",AC-02,22,AC-11,27,8.0,MIA,SUR,SUR
"('MIA', 'FRA', 1)",AC-02,5,AC-10,13,5.7,BOG,SUR,BRA
"('MIA', 'FRA', 3)",AC-06,8,AC-10,15,5.400000000000001,BRU,BRA,BRA
"('MIA', 'GUA', 3)",AC-04,11,AC-17,13,7.970000000000006,MIA,SUR,SUR
"('MIA', 'LIM', 1)",AC-10,7,AC-15,7,8.510000000020913,MIA,BRA,PAC
"('MIA', 'SCL', 2)",AC-11,26,AC-15,19,6.10000000002092,MIA,SUR,PAC
"('MIA', 'SCL', 2)",AC-17,5,AC-11,25,6.10000000002092,SJO,SUR,SUR
"('MIA', 'SCL', 3)",AC-02,12,AC-15,17,18.9,MIA,SUR,PAC
"('MIA', 'VCP', 2)",AC-02,9,AC-15,13,4.990000000000002,BOG,SUR,PAC
"('SCL', 'BOG', 5)",AC-15,16,AC-04,24,8.9,MIA,PAC,SUR
"('SJO', 'MIA', 1)",AC-11,5,AC-12,2,3.700000000000003,GUA,SUR,AND
"('SJO', 'MIA', 1)",AC-11,5,AC-17,18,6.299999999999997,GUA,SUR,SUR
"('SJO', 'MIA', 5)",AC-17,14,AC-11,26,2.8000000000000007,GUA,SUR,SUR
"('VCP', 'BOG', 3)",AC-18,1,AC-09,19,5.11000000000001,EZE,AND,SUR
"('VCP', 'BOG', 3)",AC-18,2,AC-09,20,1.7999999999999865,SCL,AND,SUR
"('VCP', 'LIM', 1)",AC-01,2,AC-18,2,2.5000000000000036,EZE,SUR,AND
