avion,operador,pos,origen,destino,t_dep_h,t_arr_h,dia,carga_t,costo_usd,handling_usd,ingreso_usd
AC-06,BRA,1,BOG,MIA,0.0,3.67,1,50.0,30733.87,2600.0,68500.0
AC-06,BRA,2,MIA,CLO,5.0,8.58,1,0.0,30059.36,0.0,0.0
AC-06,BRA,3,CLO,UIO,10.0,11.25,1,11.6,10932.62,603.2,18096.0
AC-06,BRA,4,UIO,MIA,13.0,17.0,1,50.0,33390.4,2600.0,70000.0
AC-06,BRA,5,MIA,BOG,19.0,22.5,1,0.0,29165.35,0.0,0.0
AC-06,BRA,6,BOG,MIA,24.0,27.67,2,50.0,30733.87,2600.0,68500.0
AC-06,BRA,7,MIA,BOG,29.0,32.5,2,0.0,29165.35,0.0,0.0
AC-06,BRA,8,BOG,MIA,34.0,37.67,2,50.0,30733.87,2600.0,68500.0
AC-06,BRA,9,MIA,BOG,39.0,42.5,2,0.0,29165.35,0.0,0.0
AC-06,BRA,10,BOG,MIA,44.0,47.67,2,50.0,30733.87,2600.0,68500.0
AC-06,BRA,11,MIA,BRU,49.0,57.83,3,28.1,72252.38,1461.2,119621.78
AC-06,BRA,12,BRU,FRA,59.0,60.08,3,50.0,10184.11,2194.4,169284.12
AC-06,BRA,13,FRA,SID,62.0,68.42,3,15.7,52751.64,520.0,28200.35
AC-06,BRA,14,SID,VCP,70.0,76.5,3,15.7,53425.65,0.0,28551.75
AC-06,BRA,15,VCP,GRU,78.0,78.67,4,23.6,6423.57,1227.2,3579.99
AC-06,BRA,16,GRU,MAO,87.0,90.83,4,50.0,31831.88,1372.8,53728.7
AC-06,BRA,17,MAO,BOG,92.0,94.83,4,23.6,23771.78,0.0,15121.43
AC-06,BRA,18,BOG,MIA,96.0,99.67,5,47.49,30733.87,2469.48,65061.3
AC-06,BRA,19,MIA,VCP,101.0,109.33,5,50.0,68157.33,2600.0,96000.0
AC-06,BRA,20,VCP,BOG,111.0,116.92,5,50.0,48646.59,2600.0,72000.0
AC-06,BRA,21,BOG,MIA,119.0,122.67,5,50.0,30733.87,2600.0,68500.0
AC-06,BRA,22,MIA,GUA,125.0,127.58,6,0.0,22019.26,0.0,0.0
AC-06,BRA,23,GUA,MIA,141.0,143.5,6,39.5,21315.25,2054.0,61620.0
AC-06,BRA,24,MIA,PTY,145.0,147.92,7,0.0,24306.29,0.0,0.0
AC-06,BRA,25,PTY,LAX,151.0,157.42,7,0.0,53101.64,0.0,0.0
AC-06,BRA,26,LAX,BOG,159.0,166.33,7,41.6,59997.23,2163.2,74880.0
AC-10,BRA,1,BOG,MIA,0.0,3.67,1,49.39,30733.87,2568.28,67664.3
AC-10,BRA,2,MIA,VCP,5.0,13.33,1,52.0,68157.33,2704.0,98894.94
AC-10,BRA,3,VCP,EZE,15.0,17.83,1,52.0,24131.78,2652.0,68695.58
AC-10,BRA,4,EZE,SCL,20.0,22.17,1,27.2,18768.72,1362.4,33811.56
AC-10,BRA,5,SCL,MIA,24.0,32.67,2,52.0,70984.37,2423.2,69138.46
AC-10,BRA,6,MIA,SCL,34.0,42.33,2,47.57,68357.33,2473.64,99707.15
AC-10,BRA,7,SCL,LIM,44.0,47.75,2,20.87,31117.88,1034.8,25496.77
AC-10,BRA,8,LIM,BOG,49.0,52.08,3,45.1,25784.31,2345.2,67530.44
AC-10,BRA,9,BOG,MIA,54.0,57.67,3,52.0,30733.87,2511.6,69188.56
AC-10,BRA,10,MIA,BOG,68.0,71.5,3,0.0,29165.35,0.0,0.0
AC-10,BRA,11,BOG,MIA,73.0,76.67,4,52.0,30733.87,2704.0,71240.0
AC-10,BRA,12,MIA,BOG,78.0,81.5,4,0.0,29165.35,0.0,0.0
AC-10,BRA,13,BOG,MIA,83.0,86.67,4,52.0,30733.87,2704.0,71240.0
AC-10,BRA,14,MIA,BRU,88.0,96.83,4,41.7,72252.38,2168.4,183480.0
AC-10,BRA,15,BRU,FRA,98.0,99.08,5,52.0,10184.11,2704.0,194904.4
AC-10,BRA,16,FRA,SID,101.0,107.42,5,19.5,52751.64,535.6,34923.71
AC-10,BRA,17,SID,VCP,109.0,115.5,5,19.5,53425.65,0.0,35358.89
AC-10,BRA,18,VCP,SCL,117.0,121.08,5,51.43,34144.41,2674.36,68190.81
AC-10,BRA,19,SCL,MIA,123.0,131.67,6,52.0,70984.37,2704.0,69680.0
AC-10,BRA,20,MIA,BOG,133.0,136.5,6,0.0,29165.35,0.0,0.0
AC-10,BRA,21,BOG,MIA,138.0,141.67,6,52.0,30733.87,2704.0,71240.0
AC-10,BRA,22,MIA,BOG,143.0,146.5,6,0.0,29165.35,0.0,0.0
AC-10,BRA,23,BOG,MIA,148.0,151.67,7,52.0,30733.87,2704.0,71240.0
AC-10,BRA,24,MIA,BOG,153.0,156.5,7,0.0,29165.35,0.0,0.0
AC-10,BRA,25,BOG,MIA,158.0,161.67,7,52.0,30733.87,2704.0,71240.0
AC-10,BRA,26,MIA,BOG,163.0,166.5,7,0.0,29165.35,0.0,0.0
AC-07,PAC,1,LAX,BOG,0.0,7.33,1,25.4,56332.23,1066.8,44032.81
AC-07,PAC,2,BOG,MIA,9.0,12.67,1,49.39,28898.87,1939.98,65319.49
AC-07,PAC,3,MIA,VCP,14.0,22.33,1,52.0,63992.33,2184.0,99053.94
AC-07,PAC,4,VCP,BOG,24.0,29.92,2,52.0,45686.59,2184.0,74880.0
AC-07,PAC,5,BOG,MIA,32.0,35.67,2,49.39,28898.87,2074.38,67664.3
AC-07,PAC,6,MIA,VCP,37.0,45.33,2,52.0,63992.33,2184.0,99840.0
AC-07,PAC,7,VCP,BOG,47.0,52.92,2,52.0,45686.59,2184.0,74880.0
AC-07,PAC,8,BOG,MIA,60.0,63.67,3,49.39,28898.87,2074.38,67664.3
AC-07,PAC,9,MIA,VCP,65.0,73.33,3,52.0,63992.33,2184.0,77435.12
AC-07,PAC,10,VCP,BOG,77.0,82.92,4,52.0,45686.59,2184.0,69697.88
AC-07,PAC,11,BOG,MIA,85.0,88.67,4,52.0,28898.87,2184.0,71240.0
AC-07,PAC,12,MIA,BOG,90.0,93.5,4,0.0,27415.35,0.0,0.0
AC-07,PAC,13,BOG,MIA,95.0,98.67,4,52.0,28898.87,2184.0,71240.0
AC-07,PAC,14,MIA,UIO,107.0,111.17,5,0.0,32353.92,0.0,0.0
AC-07,PAC,15,UIO,MIA,113.0,117.0,5,52.0,31390.4,2184.0,72800.0
AC-07,PAC,16,MIA,VCP,119.0,127.33,5,52.0,63992.33,2184.0,99840.0
AC-07,PAC,17,VCP,BOG,131.0,136.92,6,52.0,45686.59,2184.0,70897.93
AC-07,PAC,18,BOG,MIA,139.0,142.67,6,52.0,28898.87,2184.0,71240.0
AC-07,PAC,19,MIA,BOG,144.0,147.5,7,0.0,27415.35,0.0,0.0
AC-07,PAC,20,BOG,MIA,149.0,152.67,7,52.0,28898.87,2184.0,71240.0
AC-07,PAC,21,MIA,PTY,154.0,156.92,7,0.0,22846.29,0.0,0.0
AC-07,PAC,22,PTY,LAX,160.0,166.42,7,0.0,49891.64,0.0,0.0
AC-15,PAC,1,BOG,MIA,0.0,3.67,1,47.49,28898.87,1994.58,65061.3
AC-15,PAC,2,MIA,SCL,5.0,13.33,1,50.0,64192.33,2100.0,94927.07
AC-15,PAC,3,SCL,LIM,15.0,18.75,1,50.0,29242.88,1741.74,52849.3
AC-15,PAC,4,LIM,BOG,20.0,23.08,1,36.0,24244.31,1104.6,43782.0
AC-15,PAC,5,BOG,MIA,25.0,28.67,2,50.0,28898.87,1919.4,66115.89
AC-15,PAC,6,MIA,BOG,30.0,33.5,2,0.0,27415.35,0.0,0.0
AC-15,PAC,7,BOG,MIA,35.0,38.67,2,50.0,28898.87,2100.0,68500.0
AC-15,PAC,8,MIA,BOG,47.0,50.5,2,0.0,27415.35,0.0,0.0
AC-15,PAC,9,BOG,MIA,52.0,55.67,3,50.0,28898.87,2100.0,68500.0
AC-15,PAC,10,MIA,PTY,58.0,60.92,3,11.69,22846.29,490.98,6852.04
AC-15,PAC,11,PTY,LAX,64.0,70.42,3,11.69,49891.64,0.0,15065.11
AC-15,PAC,12,LAX,BOG,72.0,79.33,4,28.49,56332.23,903.0,47859.48
AC-15,PAC,13,BOG,MIA,81.0,84.67,4,50.0,28898.87,1806.42,63509.69
AC-15,PAC,14,MIA,VCP,86.0,94.33,4,47.49,63992.33,1701.0,88169.07
AC-15,PAC,15,VCP,BOG,96.0,101.92,5,50.0,45686.59,2100.0,72000.0
AC-15,PAC,16,BOG,MIA,104.0,107.67,5,50.0,28898.87,2100.0,52049.32
AC-15,PAC,17,MIA,SCL,109.0,117.33,5,39.9,64192.33,882.0,65741.75
AC-15,PAC,18,SCL,MIA,119.0,127.67,5,50.0,66649.37,2100.0,64204.22
AC-15,PAC,19,MIA,UIO,129.0,133.17,6,0.0,32353.92,0.0,0.0
AC-15,PAC,20,UIO,MIA,135.0,139.0,6,50.0,31390.4,2100.0,70000.0
AC-15,PAC,21,MIA,SCL,141.0,149.33,6,37.4,64192.33,1570.8,78914.0
AC-15,PAC,22,SCL,MIA,151.0,159.67,7,49.2,66649.37,2066.4,65928.0
AC-15,PAC,23,MIA,BOG,163.0,166.5,7,0.0,27415.35,0.0,0.0
AC-01,SUR,1,MIA,MDE,0.0,3.33,1,39.5,29215.33,1540.5,79395.0
AC-01,SUR,2,MDE,MIA,5.0,8.33,1,52.0,29495.33,2028.0,67953.08
AC-01,SUR,3,MIA,UIO,10.0,14.17,1,0.0,36315.42,0.0,0.0
AC-01,SUR,4,UIO,MIA,16.0,20.0,1,52.0,35190.4,2028.0,72800.0
AC-01,SUR,5,MIA,BOG,22.0,25.5,1,0.0,30740.35,0.0,0.0
AC-01,SUR,6,BOG,MIA,27.0,30.67,2,52.0,32385.37,2028.0,71240.0
AC-01,SUR,7,MIA,UIO,32.0,36.17,2,49.39,36315.42,1926.21,84807.79
AC-01,SUR,8,UIO,MIA,38.0,42.0,2,52.0,35190.4,2028.0,72800.0
AC-01,SUR,9,MIA,BOG,44.0,47.5,2,10.0,30740.35,390.0,20200.0
AC-01,SUR,10,BOG,MIA,49.0,52.67,3,52.0,32385.37,2028.0,71240.0
AC-01,SUR,11,MIA,BOG,54.0,57.5,3,47.81,30740.35,1864.59,96576.2
AC-01,SUR,12,BOG,MIA,59.0,62.67,3,52.0,32385.37,2028.0,71240.0
AC-01,SUR,13,MIA,BOG,64.0,67.5,3,0.0,30740.35,0.0,0.0
AC-01,SUR,14,BOG,MIA,69.0,72.67,3,52.0,32385.37,2028.0,71240.0
AC-01,SUR,15,MIA,BOG,74.0,77.5,4,26.4,30740.35,1029.6,53328.0
AC-01,SUR,16,BOG,MIA,79.0,82.67,4,52.0,32385.37,2028.0,71240.0
AC-01,SUR,17,MIA,BOG,84.0,87.5,4,0.0,30740.35,0.0,0.0
AC-01,SUR,18,BOG,MIA,89.0,92.67,4,52.0,32385.37,2028.0,71240.0
AC-01,SUR,19,MIA,BOG,94.0,97.5,4,0.0,30740.35,0.0,0.0
AC-01,SUR,20,BOG,MIA,99.0,102.67,5,52.0,32385.37,2028.0,71240.0
AC-01,SUR,21,MIA,BOG,104.0,107.5,5,38.1,30740.35,1485.9,76962.0
AC-01,SUR,22,BOG,MIA,109.0,112.67,5,52.0,32385.37,2028.0,71240.0
AC-01,SUR,23,MIA,BOG,114.0,117.5,5,0.0,30740.35,0.0,0.0
AC-01,SUR,24,BOG,MIA,119.0,122.67,5,52.0,32385.37,2028.0,71240.0
AC-01,SUR,25,MIA,MDE,138.0,141.33,6,18.4,29215.33,717.6,36984.0
AC-01,SUR,26,MDE,MIA,143.0,146.33,6,52.0,29495.33,2028.0,74360.0
AC-01,SUR,27,MIA,BOG,148.0,151.5,7,46.9,30740.35,1829.1,80445.78
AC-01,SUR,28,BOG,MIA,153.0,156.67,7,52.0,32385.37,2028.0,71240.0
AC-01,SUR,29,MIA,MDE,158.0,161.33,7,17.7,29215.33,690.3,35577.0
AC-01,SUR,30,MDE,MIA,163.0,166.33,7,52.0,29495.33,2028.0,74360.0
AC-02,SUR,1,MIA,UIO,7.0,11.17,1,54.0,36315.42,2106.0,94971.61
AC-02,SUR,2,UIO,MIA,13.0,17.0,1,54.0,35190.4,2106.0,75600.0
AC-02,SUR,3,MIA,BOG,19.0,22.5,1,54.0,30740.35,2106.0,109080.0
AC-02,SUR,4,BOG,MIA,24.0,27.67,2,54.0,32385.37,2106.0,73980.0
AC-02,SUR,5,MIA,BOG,29.0,32.5,2,0.0,30740.35,0.0,0.0
AC-02,SUR,6,BOG,MIA,34.0,37.67,2,54.0,32385.37,2106.0,73980.0
AC-02,SUR,7,MIA,BOG,39.0,42.5,2,0.0,30740.35,0.0,0.0
AC-02,SUR,8,BOG,MIA,44.0,47.67,2,54.0,32385.37,2106.0,73980.0
AC-02,SUR,9,MIA,BOG,49.0,52.5,3,51.29,30740.35,2000.31,61249.05
AC-02,SUR,10,BOG,MIA,54.0,57.67,3,54.0,32385.37,1751.1,66963.81
AC-02,SUR,11,MIA,BOG,72.0,75.5,4,0.0,30740.35,0.0,0.0
AC-02,SUR,12,BOG,MIA,77.0,80.67,4,54.0,32385.37,2106.0,73980.0
AC-02,SUR,13,MIA,BOG,82.0,85.5,4,0.0,30740.35,0.0,0.0
AC-02,SUR,14,BOG,MIA,87.0,90.67,4,54.0,32385.37,2106.0,73980.0
AC-02,SUR,15,MIA,BOG,92.0,95.5,4,0.0,30740.35,0.0,0.0
AC-02,SUR,16,BOG,MIA,97.0,100.67,5,54.0,32385.37,2106.0,73980.0
AC-02,SUR,17,MIA,BOG,102.0,105.5,5,0.0,30740.35,0.0,0.0
AC-02,SUR,18,BOG,MIA,107.0,110.67,5,54.0,32385.37,2106.0,73980.0
AC-02,SUR,19,MIA,BOG,112.0,115.5,5,0.0,30740.35,0.0,0.0
AC-02,SUR,20,BOG,MIA,117.0,120.67,5,54.0,32385.37,2106.0,73980.0
AC-02,SUR,21,MIA,BOG,122.0,125.5,6,51.29,30740.35,2000.31,103605.8
AC-02,SUR,22,BOG,MIA,127.0,130.67,6,54.0,32385.37,2106.0,73980.0
AC-02,SUR,23,MIA,BOG,132.0,135.5,6,0.0,30740.35,0.0,0.0
AC-02,SUR,24,BOG,MIA,137.0,140.67,6,54.0,32385.37,2106.0,73980.0
AC-02,SUR,25,MIA,UIO,142.0,146.17,6,28.51,36315.42,1111.89,52173.3
AC-02,SUR,26,UIO,MIA,150.0,154.0,7,54.0,35190.4,2106.0,75600.0
AC-02,SUR,27,MIA,UIO,156.0,160.17,7,50.3,36315.42,1961.7,92049.0
AC-02,SUR,28,UIO,MIA,162.0,166.0,7,54.0,35190.4,2106.0,75600.0
AC-04,SUR,1,BOG,MIA,0.0,3.67,1,54.0,32385.37,2106.0,73980.0
AC-04,SUR,2,MIA,BOG,5.0,8.5,1,0.0,30740.35,0.0,0.0
AC-04,SUR,3,BOG,MIA,10.0,13.67,1,54.0,32385.37,2106.0,73980.0
AC-04,SUR,4,MIA,BOG,15.0,18.5,1,51.29,30740.35,2000.31,90684.64
AC-04,SUR,5,BOG,MIA,20.0,23.67,1,54.0,32385.37,2068.17,73259.6
AC-04,SUR,6,MIA,BOG,25.0,28.5,2,0.0,30740.35,0.0,0.0
AC-04,SUR,7,BOG,MIA,30.0,33.67,2,54.0,32385.37,2106.0,73980.0
AC-04,SUR,8,MIA,BOG,35.0,38.5,2,0.0,30740.35,0.0,0.0
AC-04,SUR,9,BOG,MIA,40.0,43.67,2,54.0,32385.37,2106.0,73980.0
AC-04,SUR,10,MIA,BOG,58.0,61.5,3,54.0,30740.35,2106.0,109080.0
AC-04,SUR,11,BOG,MIA,63.0,66.67,3,54.0,32385.37,2106.0,71421.02
AC-04,SUR,12,MIA,UIO,68.0,72.17,3,47.01,36315.42,1677.39,76128.48
AC-04,SUR,13,UIO,MIA,74.0,78.0,4,54.0,35190.4,2106.0,75600.0
AC-04,SUR,14,MIA,BOG,80.0,83.5,4,54.0,30740.35,2106.0,109080.0
AC-04,SUR,15,BOG,MIA,85.0,88.67,4,54.0,32385.37,2106.0,73980.0
AC-04,SUR,16,MIA,BOG,91.0,94.5,4,0.0,30740.35,0.0,0.0
AC-04,SUR,17,BOG,MIA,106.0,109.67,5,54.0,32385.37,2106.0,73980.0
AC-04,SUR,18,MIA,BOG,111.0,114.5,5,0.0,30740.35,0.0,0.0
AC-04,SUR,19,BOG,MIA,116.0,119.67,5,54.0,32385.37,2106.0,73980.0
AC-04,SUR,20,MIA,BOG,121.0,124.5,6,0.0,30740.35,0.0,0.0
AC-04,SUR,21,BOG,MIA,126.0,129.67,6,54.0,32385.37,2106.0,73980.0
AC-04,SUR,22,MIA,BOG,131.0,134.5,6,33.11,30740.35,1291.29,66882.2
AC-04,SUR,23,BOG,MIA,136.0,139.67,6,54.0,32385.37,2106.0,73980.0
AC-04,SUR,24,MIA,UIO,141.0,145.17,6,51.29,36315.42,2000.31,93860.7
AC-04,SUR,25,UIO,MIA,147.0,151.0,7,54.0,35190.4,2106.0,75600.0
AC-04,SUR,26,MIA,BOG,153.0,156.5,7,0.0,30740.35,0.0,0.0
AC-04,SUR,27,BOG,MIA,158.0,161.67,7,54.0,32385.37,2106.0,73980.0
AC-04,SUR,28,MIA,BOG,163.0,166.5,7,10.0,30740.35,390.0,20200.0
AC-09,SUR,1,MIA,UIO,1.0,5.17,1,52.0,36315.42,2028.0,91454.14
AC-09,SUR,2,UIO,MIA,7.0,11.0,1,52.0,35190.4,2028.0,72800.0
AC-09,SUR,3,MIA,GRU,13.0,21.5,1,39.73,73280.85,1549.47,76114.69
AC-09,SUR,4,GRU,MAO,23.0,26.83,1,45.3,33555.38,1766.7,57078.0
AC-09,SUR,5,MAO,GRU,31.0,34.75,2,52.0,32905.38,2028.0,59800.0
AC-09,SUR,6,GRU,MAO,39.0,42.83,2,52.0,33555.38,2028.0,65520.0
AC-09,SUR,7,MAO,GRU,44.0,47.75,2,44.1,32905.38,1719.9,50715.0
AC-09,SUR,8,GRU,MAO,49.0,52.83,3,52.0,33555.38,2028.0,65520.0
AC-09,SUR,9,MAO,GRU,54.0,57.75,3,49.39,32905.38,1926.21,56798.5
AC-09,SUR,10,GRU,MAO,59.0,62.83,3,52.0,33555.38,2028.0,65520.0
AC-09,SUR,11,MAO,GRU,74.0,77.75,4,52.0,32905.38,2028.0,59800.0
AC-09,SUR,12,GRU,BOG,79.0,85.42,4,24.6,55560.64,959.4,32472.0
AC-09,SUR,13,BOG,MIA,87.0,90.67,4,52.0,32385.37,2028.0,71240.0
AC-09,SUR,14,MIA,BOG,92.0,95.5,4,0.0,30740.35,0.0,0.0
AC-09,SUR,15,BOG,MIA,97.0,100.67,5,52.0,32385.37,2028.0,71240.0
AC-09,SUR,16,MIA,BOG,102.0,105.5,5,0.0,30740.35,0.0,0.0
AC-09,SUR,17,BOG,MIA,107.0,110.67,5,52.0,32385.37,2028.0,68808.97
AC-09,SUR,18,MIA,UIO,119.0,123.17,5,52.0,36315.42,1879.8,89031.81
AC-09,SUR,19,UIO,MIA,125.0,129.0,6,52.0,35190.4,2028.0,72800.0
AC-09,SUR,20,MIA,UIO,131.0,135.17,6,52.0,36315.42,2028.0,95160.0
AC-09,SUR,21,UIO,MIA,137.0,141.0,6,52.0,35190.4,2028.0,72800.0
AC-09,SUR,22,MIA,UIO,143.0,147.17,6,52.0,36315.42,2028.0,95160.0
AC-09,SUR,23,UIO,MIA,149.0,153.0,7,52.0,35190.4,2028.0,72800.0
AC-09,SUR,24,MIA,BOG,155.0,158.5,7,0.0,30740.35,0.0,0.0
AC-09,SUR,25,BOG,MIA,161.0,164.67,7,52.0,32385.37,2028.0,71240.0
AC-11,SUR,1,MIA,SDQ,0.0,2.25,1,40.11,20255.23,1564.29,57661.13
AC-11,SUR,2,SDQ,UIO,4.0,7.58,1,38.41,31300.36,811.2,53421.27
AC-11,SUR,3,UIO,MIA,12.0,16.0,1,52.0,35190.4,2028.0,72800.0
AC-11,SUR,4,MIA,BOG,19.0,22.5,1,22.38,30740.35,872.82,45207.6
AC-11,SUR,5,BOG,MIA,24.0,27.67,2,52.0,32385.37,2028.0,71240.0
AC-11,SUR,6,MIA,SDQ,30.0,32.25,2,52.0,20255.23,2028.0,83203.14
AC-11,SUR,7,SDQ,UIO,34.0,37.58,2,32.0,31300.36,748.8,43637.21
AC-11,SUR,8,UIO,MIA,39.0,43.0,2,52.0,35190.4,2028.0,72800.0
AC-11,SUR,9,MIA,BOG,45.0,48.5,2,0.0,30740.35,0.0,0.0
AC-11,SUR,10,BOG,MIA,50.0,53.67,3,52.0,32385.37,2028.0,71240.0
AC-11,SUR,11,MIA,MDE,55.0,58.33,3,0.0,29215.33,0.0,0.0
AC-11,SUR,12,MDE,MIA,60.0,63.33,3,52.0,29495.33,2028.0,74360.0
AC-11,SUR,13,MIA,MDE,65.0,68.33,3,11.3,29215.33,440.7,22713.0
AC-11,SUR,14,MDE,MIA,70.0,73.33,3,52.0,29495.33,2028.0,74360.0
AC-11,SUR,15,MIA,UIO,75.0,79.17,4,47.8,36315.42,1864.2,87474.0
AC-11,SUR,16,UIO,MIA,81.0,85.0,4,52.0,35190.4,2028.0,72800.0
AC-11,SUR,17,MIA,BOG,96.0,99.5,5,0.0,30740.35,0.0,0.0
AC-11,SUR,18,BOG,MIA,101.0,104.67,5,52.0,32385.37,2028.0,71240.0
AC-11,SUR,19,MIA,MDE,106.0,109.33,5,23.4,29215.33,912.6,47034.0
AC-11,SUR,20,MDE,MIA,111.0,114.33,5,52.0,29495.33,2028.0,74360.0
AC-11,SUR,21,MIA,UIO,116.0,120.17,5,52.0,36315.42,2028.0,92649.3
AC-11,SUR,22,UIO,MIA,122.0,126.0,6,52.0,35190.4,2028.0,72800.0
AC-11,SUR,23,MIA,VCP,128.0,136.33,6,52.0,71905.83,2028.0,99840.0
AC-11,SUR,24,VCP,EZE,143.0,145.83,6,52.0,25405.28,2028.0,68844.05
AC-11,SUR,25,EZE,SCL,147.0,149.17,7,31.6,19745.22,1084.2,35519.88
AC-11,SUR,26,SCL,LIM,151.0,154.75,7,52.0,32805.38,1610.7,57572.55
AC-11,SUR,27,LIM,BOG,156.0,159.08,7,42.5,27170.31,1450.8,61427.78
AC-11,SUR,28,BOG,MIA,162.0,165.67,7,52.0,32385.37,2028.0,71240.0
AC-13,SUR,1,GRU,MAO,8.0,11.83,1,52.0,33555.38,2028.0,55852.61
AC-13,SUR,2,MAO,BOG,14.0,16.83,1,19.3,25045.28,0.0,10825.39
AC-13,SUR,3,BOG,MIA,18.0,21.67,1,52.0,32385.37,2028.0,71240.0
AC-13,SUR,4,MIA,UIO,23.0,27.17,1,49.39,36315.42,1926.21,86863.85
AC-13,SUR,5,UIO,MIA,29.0,33.0,2,52.0,35190.4,2028.0,72800.0
AC-13,SUR,6,MIA,BOG,35.0,38.5,2,46.9,30740.35,1829.1,94738.0
AC-13,SUR,7,BOG,MIA,40.0,43.67,2,52.0,32385.37,2028.0,71240.0
AC-13,SUR,8,MIA,BOG,45.0,48.5,2,0.0,30740.35,0.0,0.0
AC-13,SUR,9,BOG,MIA,60.0,63.67,3,52.0,32385.37,2028.0,71240.0
AC-13,SUR,10,MIA,SDQ,65.0,67.25,3,31.59,20255.23,1232.01,47530.36
AC-13,SUR,11,SDQ,UIO,69.0,72.58,3,49.39,31300.36,1497.6,65508.15
AC-13,SUR,12,UIO,MIA,74.0,78.0,4,52.0,35190.4,2028.0,72800.0
AC-13,SUR,13,MIA,GRU,89.0,97.5,4,18.8,73280.85,733.2,38164.0
AC-13,SUR,14,GRU,MAO,100.0,103.83,5,50.2,33555.38,1957.8,63252.0
AC-13,SUR,15,MAO,GRU,105.0,108.75,5,49.39,32905.38,1926.21,56798.5
AC-13,SUR,16,GRU,MAO,110.0,113.83,5,52.0,33555.38,2028.0,65520.0
AC-13,SUR,17,MAO,GRU,116.0,119.75,5,46.51,32905.38,1813.89,53486.5
AC-13,SUR,18,GRU,MAO,122.0,125.83,6,52.0,33555.38,2028.0,65520.0
AC-13,SUR,19,MAO,GRU,128.0,131.75,6,52.0,32905.38,2028.0,59800.0
AC-13,SUR,20,GRU,MAO,133.0,136.83,6,49.39,33555.38,1926.21,62231.4
AC-13,SUR,21,MAO,GRU,138.0,141.75,6,52.0,32905.38,2028.0,59800.0
AC-17,SUR,1,MIA,SJO,0.0,2.83,1,32.9,25355.28,1283.1,62432.57
AC-17,SUR,2,SJO,GUA,9.0,10.58,1,32.4,14680.16,928.2,36049.43
AC-17,SUR,3,GUA,MIA,24.0,26.5,2,50.0,22440.25,1950.0,78000.0
AC-17,SUR,4,MIA,SJO,29.0,31.83,2,21.4,25355.28,834.6,45796.0
AC-17,SUR,5,SJO,GUA,33.0,34.58,2,21.9,14680.16,854.1,27813.0
AC-17,SUR,6,GUA,MIA,38.0,40.5,2,50.0,22440.25,1950.0,78000.0
AC-17,SUR,7,MIA,MDE,42.0,45.33,2,0.0,29215.33,0.0,0.0
AC-17,SUR,8,MDE,MIA,47.0,50.33,2,50.0,29495.33,1950.0,71500.0
AC-17,SUR,9,MIA,MDE,64.0,67.33,3,50.0,29215.33,1950.0,100500.0
AC-17,SUR,10,MDE,MIA,69.0,72.33,3,50.0,29495.33,1950.0,64197.48
AC-17,SUR,11,MIA,BOG,74.0,77.5,4,50.0,30740.35,1536.6,87844.52
AC-17,SUR,12,BOG,MIA,79.0,82.67,4,50.0,32385.37,1950.0,68500.0
AC-17,SUR,13,MIA,SDQ,84.0,86.25,4,21.7,20255.23,846.3,39494.0
AC-17,SUR,14,SDQ,UIO,90.0,93.58,4,20.8,31300.36,811.2,26832.0
AC-17,SUR,15,UIO,MIA,96.0,100.0,5,50.0,35190.4,1950.0,70000.0
AC-17,SUR,16,MIA,SJO,102.0,104.83,5,36.4,25355.28,1419.6,54559.07
AC-17,SUR,17,SJO,GUA,106.0,107.58,5,44.0,14680.16,1021.8,36828.83
AC-17,SUR,18,GUA,MIA,109.0,111.5,5,50.0,22440.25,1700.4,73466.98
AC-17,SUR,19,MIA,CLO,113.0,116.58,5,20.7,31670.36,807.3,31663.3
AC-17,SUR,20,CLO,UIO,119.0,120.25,5,30.8,11495.12,393.9,26811.62
AC-17,SUR,21,UIO,MIA,123.0,127.0,6,50.0,35190.4,1950.0,70000.0
AC-17,SUR,22,MIA,SJO,129.0,131.83,6,40.9,25355.28,1595.1,87526.0
AC-17,SUR,23,SJO,GUA,138.0,139.58,6,41.8,14680.16,1630.2,53086.0
AC-17,SUR,24,GUA,MIA,141.0,143.5,6,50.0,22440.25,1950.0,78000.0
AC-17,SUR,25,MIA,SJO,145.0,147.83,7,18.8,25355.28,733.2,40232.0
AC-17,SUR,26,SJO,GUA,160.0,161.58,7,21.6,14680.16,842.4,27432.0
AC-17,SUR,27,GUA,MIA,164.0,166.5,7,43.7,22440.25,1704.3,68172.0
AC-08,AND,1,MIA,BAQ,6.0,8.67,1,0.0,24429.27,0.0,0.0
AC-08,AND,2,BAQ,UIO,17.0,19.08,1,10.5,18966.21,462.0,14595.0
AC-08,AND,3,UIO,MIA,25.0,29.0,2,54.0,35990.4,2376.0,75600.0
AC-08,AND,4,MIA,BOG,31.0,34.5,2,0.0,31440.35,0.0,0.0
AC-08,AND,5,BOG,MIA,36.0,39.67,2,54.0,33119.37,2376.0,73980.0
AC-08,AND,6,MIA,CLO,52.0,55.58,3,0.0,32386.36,0.0,0.0
AC-08,AND,7,CLO,UIO,57.0,58.25,3,10.1,11745.12,444.4,15756.0
AC-08,AND,8,UIO,MIA,60.0,64.0,3,54.0,35990.4,2376.0,75600.0
AC-08,AND,9,MIA,BAQ,66.0,68.67,3,0.0,24429.27,0.0,0.0
AC-08,AND,10,BAQ,UIO,70.0,72.08,3,10.2,18966.21,448.8,14178.0
AC-08,AND,11,UIO,MIA,96.0,100.0,5,54.0,35990.4,2376.0,75600.0
AC-08,AND,12,MIA,UIO,102.0,106.17,5,0.0,37149.42,0.0,0.0
AC-08,AND,13,UIO,MIA,108.0,112.0,5,54.0,35990.4,2376.0,75600.0
AC-08,AND,14,MIA,UIO,114.0,118.17,5,0.0,37149.42,0.0,0.0
AC-08,AND,15,UIO,MIA,120.0,124.0,6,54.0,35990.4,2376.0,75600.0
AC-08,AND,16,MIA,BOG,126.0,129.5,6,0.0,31440.35,0.0,0.0
AC-08,AND,17,BOG,MIA,138.0,141.67,6,54.0,33119.37,2376.0,73980.0
AC-08,AND,18,MIA,UIO,144.0,148.17,7,0.0,37149.42,0.0,0.0
AC-08,AND,19,UIO,MIA,150.0,154.0,7,54.0,35990.4,2376.0,75600.0
AC-08,AND,20,MIA,UIO,156.0,160.17,7,10.0,37149.42,440.0,18300.0
AC-08,AND,21,UIO,MIA,162.0,166.0,7,54.0,35990.4,2376.0,75600.0
AC-12,AND,1,GRU,MAO,25.0,28.83,2,46.8,34321.38,2059.2,58968.0
AC-12,AND,2,MAO,UIO,38.0,41.25,2,0.0,29145.33,0.0,0.0
AC-12,AND,3,UIO,MIA,66.0,70.0,3,52.0,35990.4,2288.0,72800.0
AC-12,AND,4,MIA,VCP,87.0,95.33,4,52.0,73571.83,2288.0,99840.0
AC-12,AND,5,VCP,GRU,100.0,100.67,5,0.0,6859.07,0.0,0.0
AC-16,AND,1,MIA,UIO,24.0,28.17,2,15.31,37149.42,673.64,26288.87
AC-16,AND,2,UIO,MIA,48.0,52.0,3,54.0,35990.4,2376.0,75600.0
AC-16,AND,3,MIA,BOG,54.0,57.5,3,0.0,31440.35,0.0,0.0
AC-16,AND,4,BOG,MIA,59.0,62.67,3,54.0,33119.37,2376.0,73980.0
AC-16,AND,5,MIA,BOG,64.0,67.5,3,0.0,31440.35,0.0,0.0
AC-16,AND,6,BOG,MIA,70.0,73.67,3,54.0,33119.37,2376.0,73980.0
AC-16,AND,7,MIA,BAQ,77.0,79.67,4,0.0,24429.27,0.0,0.0
AC-16,AND,8,BAQ,UIO,96.0,98.08,5,13.4,18966.21,589.6,18626.0
AC-16,AND,9,UIO,MIA,111.0,115.0,5,54.0,35990.4,2376.0,75600.0
AC-16,AND,10,MIA,UIO,117.0,121.17,5,0.0,37149.42,0.0,0.0
AC-16,AND,11,UIO,MIA,123.0,127.0,6,54.0,35990.4,2376.0,75600.0
AC-16,AND,12,MIA,BOG,137.0,140.5,6,0.0,31440.35,0.0,0.0
AC-16,AND,13,BOG,MIA,143.0,146.67,6,54.0,33119.37,2376.0,73980.0
AC-16,AND,14,MIA,BOG,148.0,151.5,7,0.0,31440.35,0.0,0.0
AC-16,AND,15,BOG,MIA,153.0,156.67,7,54.0,33119.37,2376.0,73980.0
AC-16,AND,16,MIA,BOG,158.0,161.5,7,0.0,31440.35,0.0,0.0
AC-16,AND,17,BOG,MIA,163.0,166.67,7,54.0,33119.37,2376.0,73980.0
AC-19,AND,1,MAO,GRU,2.0,5.75,1,33.9,33655.38,1491.6,38985.0
AC-19,AND,2,GRU,VCP,45.0,45.67,2,17.23,6929.07,758.12,2399.36
AC-19,AND,3,VCP,EZE,56.0,58.83,3,52.0,25971.28,2288.0,44884.05
AC-19,AND,4,EZE,SCL,61.0,63.17,3,51.7,20179.22,994.4,34751.54
AC-19,AND,5,SCL,LIM,76.0,79.75,4,52.0,33555.38,822.8,39872.28
AC-19,AND,6,LIM,BOG,84.0,87.08,4,48.1,27786.31,928.4,43261.66
AC-19,AND,7,BOG,MIA,97.0,100.67,5,52.0,33119.37,2006.4,65345.43
AC-19,AND,8,MIA,MAO,136.0,141.17,6,0.0,45979.52,0.0,0.0
AC-19,AND,9,MAO,GRU,144.0,147.75,7,52.0,33655.38,2288.0,59800.0
AC-19,AND,10,GRU,MAO,153.0,156.83,7,33.7,34321.38,1482.8,42462.0
